COUNTRY_NAME,PLATFORM,GENRE,TOTALCOUNT
Poland,Android,Casual,233911
United States,Android,Action,3961750
Canada,Android,Simulation,4349906
China,iOS,Games,3397360
Germany,Android,Racing,508785
China,Android,Simulation,3955401
Albania,Android,Racing,40141
France,Android,Casual,464002
Sweden,iOS,Games,70961
Sweden,Android,Racing,53396
Nepal,Android,Racing,52698
Argentina,Android,Strategy,52485
Bahrain,Android,Simulation,15225
Finland,Android,Puzzle,23944
Brazil,Android,Action,6977935
Republic of Korea,Android,Education,34683
Canada,Android,Educational,305897
United Arab Emirates,Android,Action,82272
Tunisia,Android,Simulation,109279
Brazil,Android,Adventure,1308884
China,Android,Entertainment,14181
France,Android,Entertainment,42392
Norway,Android,Puzzle,12347
Colombia,Android,Puzzle,136682
Senegal,Android,Simulation,19165
Japan,iOS,Photo & Video,556
United States,Android,Board,135081
New Zealand,Android,Adventure,5870
El Salvador,Android,Simulation,59831
India,Android,Word,131035
Indonesia,iOS,Utilities,541
Lebanon,Android,Sports,15855
Taiwan,Android,Strategy,46118
Chile,Android,Game,6746
Denmark,Android,Sports,5052
Republic of Moldova,Android,Puzzle,5493
Indonesia,Android,Casino,9670
Malaysia,Android,Entertainment,4799
Chile,Android,Music,30016
Portugal,Android,Puzzle,31052
Panama,Android,Adventure,9758
Trinidad and Tobago,Android,Racing,5618
Kazakhstan,Android,Trivia,5558
Austria,Android,Game,763
Costa Rica,Android,Music,1248
Saudi Arabia,iOS,Education,6808
Bolivia,Android,Music,1841
Mali,Android,Action,2170
Republic of Lithuania,Android,Music,1211
Honduras,Android,Sports,10884
Malta,Android,Action,2707
Iraq,Android,Arcade,251823
Nigeria,Android,Racing,21304
Bahrain,Android,Casual,2779
Oman,Android,Casual,5216
Ireland,iOS,Games,3781
Finland,Android,Casual,23897
India,Android,Game,94862
Canada,Android,Trivia,37225
Iraq,Android,Lifestyle,3376
Kazakhstan,Android,Game,5010
Japan,Android,Board,22239
South Africa,Android,Casual,45179
United States,Android,Music & Audio,14250
Vietnam,Android,Entertainment,11754
South Africa,Android,Music,656
Spain,Android,Trivia,3783
Slovenia,Android,Casual,6344
Japan,iOS,Social Networking,10063
Libya,Android,Adventure,1689
Colombia,Android,Tools,1452
Kyrgyzstan,Android,Educational,2131
United States,iOS,Catalogs,136
Slovenia,Android,Educational,467
Kuwait,Android,Sports,2991
Tunisia,Android,Educational,4123
Turkey,Android,Card,13840
Pakistan,Android,Entertainment,3859
Iran,Android,Card,9237
Republic of Lithuania,Android,Educational,5321
India,iOS,Education,750
Mongolia,iOS,Games,2627
Panama,Android,Strategy,966
Austria,iOS,Games,4804
Cameroon,Android,Casual,2772
Myanmar [Burma],Android,Sports,4464
East Timor,Android,Action,1505
Nicaragua,Android,Sports,5306
Peru,Android,Card,1250
Austria,Android,Casino,242
Turkey,iOS,Entertainment,2892
Brunei,Android,Simulation,1161
Luxembourg,Android,Arcade,375
Jamaica,Android,Educational,613
Singapore,Android,Lifestyle,172
Burundi,Android,Simulation,169
New Caledonia,Android,Sports,77
East Timor,Android,Sports,152
Lesotho,Android,Racing,128
France,Android,Tools,916
Iraq,Android,Music & Audio,308
Rwanda,Android,Racing,583
Hong Kong,iOS,Finance,61
Ecuador,Android,Card,337
Ecuador,Android,Trivia,291
Canada,Android,Art & Design,466
Ukraine,iOS,Education,203
Kuwait,iOS,Education,359
Netherlands,Android,Trivia,936
Brazil,Android,Social,209
Germany,Android,Parenting,61
Thailand,Android,Business,100
Somalia,Android,Board,68
Argentina,Android,Medical,316
Egypt,Android,Casino,98
Republic of the Congo,Android,Action,74
Republic of Moldova,Android,Game,69
Iraq,iOS,Education,72
Guam,Android,Puzzle,81
Pakistan,Android,Action,616199
United Kingdom,Android,Racing,401174
Chile,Android,Casual,195253
Turkey,iOS,Games,243810
Russia,Android,Casual,1115120
Morocco,Android,Action,216668
Vietnam,iOS,Games,408374
Kazakhstan,Android,Simulation,444281
Dominican Republic,Android,Racing,71319
Georgia,Android,Action,74141
Malaysia,Android,Arcade,95594
Syria,Android,Simulation,42941
Russia,Android,Sports,305918
Ecuador,Android,Tools,219
Ecuador,Android,Music,7373
Japan,Android,Music,9600
Armenia,Android,Sports,2188
Romania,Android,Simulation,587212
Kazakhstan,iOS,Games,8802
Peru,Android,Arcade,73068
Algeria,Android,Role Playing,2124
Saudi Arabia,Android,Arcade,103230
Peru,Android,Action,307007
Algeria,Android,Puzzle,41653
China,iOS,Photo & Video,493131
Namibia,Android,Simulation,4999
Hong Kong,Android,Role Playing,9586
Kenya,Android,Sports,9880
Indonesia,Android,Trivia,48324
China,Android,Video Players & Editors,41442
Ivory Coast,Android,Racing,10641
South Africa,Android,Arcade,22102
Brazil,Android,Entertainment,185487
Spain,Android,Entertainment,10416
Afghanistan,Android,Adventure,69
Morocco,Android,Puzzle,25362
Chile,Android,Casino,3844
Ireland,Android,Role Playing,1003
South Africa,Android,Card,480
Lebanon,Android,Education,335
Macedonia,Android,Adventure,1351
Myanmar [Burma],Android,Strategy,194
Uruguay,Android,Role Playing,3184
Senegal,Android,Arcade,2561
Australia,iOS,Utilities,603
Germany,iOS,Games,376416
Indonesia,Android,Education,94983
Indonesia,Android,Racing,1859519
India,Android,Music,56284
Iraq,Android,Casual,245401
Sweden,Android,Sports,16696
Israel,Android,Action,158597
Austria,Android,Casual,32346
Hashemite Kingdom of Jordan,Android,Strategy,9557
Costa Rica,Android,Adventure,12890
Japan,Android,Photography,4786
Gabon,Android,Action,1368
Hashemite Kingdom of Jordan,Android,Simulation,192279
Syria,Android,Sports,8092
Ivory Coast,Android,Simulation,23663
Belarus,Android,Entertainment,14238
Brazil,Android,Finance,8864
Bosnia and Herzegovina,Android,Adventure,4249
Colombia,Android,Casino,2074
Thailand,Android,Lifestyle,574
Denmark,iOS,Education,1946
Guinea,Android,Racing,460
Belarus,Android,Education,779
Thailand,Android,Board,30587
Guatemala,Android,Music,2365
Lebanon,Android,Role Playing,1108
Hong Kong,Android,Adventure,6723
Argentina,Android,Lifestyle,307
Sudan,Android,Casual,1896
Sweden,Android,Trivia,342
India,Android,Books & Reference,5342
Bahamas,Android,Adventure,460
Senegal,Android,Puzzle,143
Norway,iOS,Entertainment,134
Macedonia,Android,Arcade,2928
Estonia,Android,Sports,600
Mauritania,Android,Simulation,4340
Norway,Android,Trivia,76
China,Android,Casino,778
Germany,Android,Weather,71
Greece,Android,Game,772
Israel,Android,Tools,61
Uganda,Android,Sports,378
Grenada,Android,Simulation,143
Iceland,Android,Puzzle,329
Sudan,Android,Game,321
Philippines,iOS,Music,61
Uganda,Android,Casual,243
Belarus,Android,Board,198
Indonesia,Android,Social,62
Macedonia,Android,Music,174
Guadeloupe,Android,Puzzle,67
Martinique,Android,Puzzle,61
France,iOS,Lifestyle,142
Bangladesh,Android,Education,83
New Zealand,Android,Entertainment,221
Oman,iOS,Games,139
Belarus,Android,Tools,73
Singapore,iOS,Education,83
Mali,Android,Racing,140
Barbados,Android,Sports,80
Liberia,Android,Arcade,64
Barbados,Android,Arcade,62
Austria,Android,Racing,38757
Nigeria,Android,Action,69897
Turkey,Android,Sports,268142
Republic of Moldova,Android,Simulation,69361
Republic of Lithuania,Android,Simulation,61123
Morocco,Android,Sports,63438
Belarus,Android,Educational,19110
Australia,Android,Action,126860
Russia,Android,Casino,4544
Germany,Android,Arcade,299251
Portugal,Android,Arcade,28439
Sweden,Android,Simulation,146792
Colombia,Android,Racing,322467
Thailand,Android,Strategy,107250
Ghana,Android,Racing,8818
United States,iOS,Entertainment,151360
Philippines,Android,Simulation,512999
Croatia,Android,Simulation,54942
Puerto Rico,Android,Action,4911
El Salvador,Android,Action,67995
Colombia,Android,Adventure,91388
Morocco,Android,Arcade,37005
Spain,Android,Education,4000
Ivory Coast,Android,Action,35023
India,Android,Casino,48061
Poland,Android,Sports,102336
Syria,Android,Racing,22150
Egypt,Android,Educational,83796
Venezuela,Android,Sports,13431
Republic of Moldova,Android,Adventure,4765
Qatar,Android,Simulation,25775
Puerto Rico,Android,Simulation,4731
Austria,Android,Entertainment,938
Qatar,Android,Educational,681
Bolivia,Android,Trivia,351
Uganda,Android,Simulation,3211
Mexico,Android,Art & Design,868
Libya,Android,Arcade,4835
Kuwait,Android,Arcade,4506
Australia,Android,Role Playing,8629
Estonia,Android,Adventure,1812
Mexico,iOS,Entertainment,2126
Laos,iOS,Games,7371
Singapore,Android,Sports,98469
Myanmar [Burma],Android,Simulation,11822
Republic of Korea,Android,Strategy,43113
Hong Kong,Android,Simulation,33599
United States,iOS,Finance,193
Norway,Android,Casual,11908
Indonesia,Android,Music & Audio,12491
Spain,iOS,Utilities,1262
Ecuador,Android,Entertainment,984
France,iOS,Finance,70
New Zealand,Android,Music,837
Mauritania,Android,Racing,2772
Puerto Rico,Android,Adventure,517
Kuwait,Android,Adventure,2451
Albania,iOS,Health & Fitness,2581
Puerto Rico,Android,Casino,83
Uzbekistan,Android,Adventure,796
Estonia,Android,Educational,483
Somalia,Android,Sports,922
India,Android,Comics,82
Albania,Android,Strategy,652
China,Android,Books & Reference,78
Montenegro,Android,Casual,928
Austria,Android,Board,329
Maldives,Android,Action,234
South Africa,Android,Entertainment,646
Mauritania,Android,Casual,230
Jersey,Android,Simulation,64
Namibia,Android,Arcade,140
United Arab Emirates,iOS,Shopping,167
Japan,Android,Word,1721
Panama,Android,Board,68
Ukraine,Android,Photography,339
NULL,Android,Racing,129
Australia,Android,Lifestyle,80
Panama,Android,Casino,421
Morocco,Android,Tools,84
China,Android,Action,9895976
Russia,Android,Adventure,790154
Thailand,iOS,Games,260315
United Kingdom,Android,Trivia,10348
Bulgaria,Android,Action,103028
Indonesia,Android,Entertainment,43233
United Kingdom,Android,Sports,171235
Taiwan,iOS,Finance,6438
Denmark,iOS,Games,44082
United Kingdom,Android,Arcade,246736
Philippines,Android,Racing,232458
Laos,Android,Sports,9770
Canada,Android,Role Playing,74492
Greece,Android,Action,105424
Germany,Android,Role Playing,91939
Canada,iOS,Health & Fitness,3555
Uganda,Android,Racing,2724
United States,Android,Music,254236
Turkmenistan,Android,Simulation,6066
Argentina,Android,Adventure,241305
Macedonia,Android,Sports,3007
Japan,iOS,Education,18323
Syria,Android,Adventure,3127
Hong Kong,iOS,Games,17752
Qatar,Android,Sports,804
Vietnam,Android,Role Playing,111130
Armenia,Android,Puzzle,2424
Sudan,Android,Racing,8702
Venezuela,Android,Role Playing,4536
Azerbaijan,Android,Puzzle,12092
South Africa,Android,Strategy,2797
Italy,Android,Word,12987
Kyrgyzstan,Android,Puzzle,6399
Haiti,Android,Racing,3553
Croatia,Android,Puzzle,6181
Turkmenistan,Android,Action,5277
Latvia,Android,Adventure,2706
Russia,Android,Simulation,3445870
Indonesia,Android,Strategy,153214
Canada,Android,Arcade,569733
Italy,Android,Medical,61
Germany,Android,Photography,3018
Honduras,Android,Action,63628
Russia,iOS,Health & Fitness,8799
Egypt,Android,Strategy,54372
Ireland,Android,Action,33623
Nigeria,Android,Trivia,4027
Myanmar [Burma],Android,Arcade,513
Saudi Arabia,Android,Music,5677
French Guiana,Android,Racing,620
Australia,Android,Game,2869
Azerbaijan,Android,Role Playing,584
Thailand,Android,Word,2869
United Arab Emirates,Android,Board,2732
Palestine,Android,Adventure,3861
Belgium,Android,Board,610
Peru,iOS,Games,1150
Israel,Android,Game,1343
Ireland,Android,Strategy,1186
Saudi Arabia,Android,Entertainment,3590
Dominican Republic,iOS,Games,824
Brazil,iOS,Utilities,4294
Azerbaijan,Android,Card,63
Malaysia,iOS,Education,917
Oman,Android,Strategy,322
Australia,iOS,Sports,686
Angola,Android,Action,2219
Switzerland,Android,Music,1725
Belgium,iOS,Health & Fitness,333
Japan,iOS,Health & Fitness,1192
Ireland,Android,Education,64
Australia,Android,Books & Reference,176
Russia,iOS,Social Networking,446
East Timor,Android,Racing,500
Djibouti,Android,Simulation,133
Uzbekistan,Android,Strategy,365
Algeria,Android,Tools,248
Norway,Android,Card,90
Uruguay,Android,Education,162
Iraq,Android,Photography,151
Finland,iOS,Travel,140
Pakistan,Android,Lifestyle,71
Afghanistan,Android,Casual,77
Ukraine,Android,Music & Audio,236
Belize,Android,Racing,301
Cape Verde,Android,Racing,73
United States,Android,Comics,202
Thailand,iOS,Photo & Video,66
Mali,Android,Casual,66
Canada,Android,Personalization,190
Belgium,Android,Casino,433
Yemen,Android,Strategy,91
Singapore,iOS,Health & Fitness,222
France,iOS,Medical,69
Puerto Rico,Android,Strategy,87
Taiwan,Android,Casual,73406
Japan,Android,Puzzle,240411
Argentina,Android,Casual,436034
Canada,Android,Action,2834886
India,Android,Board,1710601
Germany,Android,Puzzle,508213
Italy,Android,Simulation,691863
Morocco,Android,Simulation,323157
Italy,Android,Role Playing,38177
Iraq,Android,Card,5558
Bangladesh,Android,Casual,54192
Australia,Android,Racing,56171
Turkey,Android,Racing,1034622
Italy,Android,Arcade,148561
Lebanon,Android,Simulation,158487
Algeria,Android,Action,303276
Latvia,Android,Action,21651
Netherlands,Android,Word,5031
Kazakhstan,Android,Educational,44722
Belarus,Android,Strategy,10207
Sri Lanka,Android,Simulation,97921
Vietnam,Android,Casino,70015
Iraq,Android,Music,11327
Spain,Android,Arcade,123429
Bulgaria,Android,Arcade,20977
Sudan,Android,Simulation,19413
Philippines,Android,Education,8980
Serbia,Android,Racing,49079
Hashemite Kingdom of Jordan,Android,Casual,34909
Mexico,Android,Tools,7178
Kazakhstan,Android,Education,4078
Armenia,Android,Racing,19464
Haiti,Android,Simulation,3838
Sri Lanka,Android,Arcade,13121
Peru,Android,Adventure,59756
Ukraine,Android,Music,18431
Trinidad and Tobago,Android,Casual,3238
Malaysia,Android,Strategy,23104
Indonesia,Android,Personalization,2660
Norway,Android,Racing,12299
Norway,Android,Educational,2362
Iraq,Android,Simulation,1059018
Russia,Android,Arcade,843535
Iran,Android,Puzzle,29251
Pakistan,Android,Health & Fitness,1162
Hungary,Android,Racing,101667
Iran,Android,Adventure,21722
Philippines,Android,Sports,122577
Albania,Android,Action,56017
Albania,Android,Arcade,7079
Nigeria,Android,Arcade,13771
Brazil,Android,Casino,34907
Ukraine,Android,Sports,75632
Germany,iOS,Entertainment,4792
Guatemala,Android,Adventure,13561
Brazil,Android,Board,78719
Mexico,Android,Music & Audio,3204
Egypt,Android,Entertainment,3550
Costa Rica,Android,Puzzle,11891
Egypt,Android,Role Playing,10717
Honduras,Android,Casual,12724
Australia,Android,Trivia,1295
Palestine,Android,Strategy,674
Somalia,Android,Action,6584
Haiti,Android,Action,9293
Cambodia,Android,Education,150
Bulgaria,Android,Simulation,141459
Qatar,Android,Racing,9853
Denmark,Android,Action,42577
Mongolia,Android,Racing,8630
Switzerland,Android,Card,373
Morocco,Android,Role Playing,1496
Jamaica,Android,Game,256
Hong Kong,Android,Sports,2102
Mauritania,Android,Sports,794
Georgia,Android,Music,267
Croatia,iOS,Games,199
South Africa,iOS,Games,2052
Iran,Android,Board,1520
Tunisia,iOS,Games,583
Mexico,iOS,Utilities,1309
Curaçao,Android,Simulation,654
Serbia,Android,Trivia,311
Switzerland,Android,Entertainment,747
Bosnia and Herzegovina,Android,Strategy,281
Germany,Android,Health & Fitness,77
Maldives,Android,Simulation,363
Belgium,Android,Word,2073
Algeria,Android,Card,383
Netherlands,Android,Lifestyle,388
Paraguay,Android,Role Playing,1212
Hong Kong,Android,Board,697
Taiwan,Android,Books & Reference,107
Panama,Android,Game,275
Venezuela,Android,Card,1062
Zimbabwe,Android,Casual,129
Saudi Arabia,Android,Word,298
Thailand,Android,Photography,321
Venezuela,iOS,Games,475
Bulgaria,iOS,Health & Fitness,111
Latvia,iOS,Games,154
Portugal,Android,Education,146
Brazil,iOS,Music,63
Chile,iOS,Education,66
Guyana,Android,Casual,79
Ecuador,Android,Casino,89
Saudi Arabia,Android,Racing,367698
Malaysia,Android,Racing,215806
Russia,Android,Strategy,325088
India,Android,Strategy,172290
Singapore,iOS,Games,24723
Mexico,Android,Simulation,1826540
Lebanon,Android,Adventure,13254
Malaysia,Android,Adventure,68954
Thailand,Android,Role Playing,158764
Netherlands,Android,Simulation,245330
Belarus,Android,Casual,57230
Azerbaijan,Android,Racing,81624
Belgium,Android,Simulation,205256
Bangladesh,Android,Board,60553
Hashemite Kingdom of Jordan,Android,Arcade,27551
India,iOS,Games,136375
Brazil,Android,Educational,549752
Hungary,Android,Puzzle,48100
Peru,Android,Strategy,10327
Panama,Android,Role Playing,1376
Greece,Android,Puzzle,19535
Kazakhstan,Android,Strategy,21403
Germany,Android,Trivia,11235
Canada,Android,Education,15367
Chile,Android,Strategy,23115
Hungary,Android,Role Playing,7459
Martinique,Android,Racing,1224
Indonesia,Android,Books & Reference,7714
France,Android,Board,12689
Sweden,iOS,Health & Fitness,1387
Guinea,Android,Action,1725
Poland,Android,Music,21832
Myanmar [Burma],iOS,Games,918
Mozambique,Android,Racing,6998
Slovak Republic,Android,Sports,6891
Italy,iOS,Education,946
United Kingdom,Android,Finance,79
Brazil,Android,Trivia,317637
Japan,Android,Arcade,56190
Nepal,Android,Simulation,150106
Taiwan,Android,Arcade,41858
Poland,Android,Trivia,1218
Pakistan,Android,Adventure,74917
Republic of Korea,Android,Casual,226946
Algeria,Android,Board,11181
Belgium,Android,Puzzle,61365
Dominican Republic,Android,Adventure,10050
Japan,Android,Education,22702
Senegal,Android,Casual,3280
Kyrgyzstan,Android,Simulation,74289
Singapore,Android,Trivia,5504
Venezuela,Android,Strategy,3720
Jamaica,Android,Arcade,1223
Hong Kong,Android,Educational,3622
Kyrgyzstan,Android,Racing,35276
Malaysia,Android,Game,11958
Portugal,iOS,Games,1977
Nepal,Android,Game,575
Italy,Android,Music & Audio,1486
Luxembourg,Android,Action,2081
Cameroon,Android,Sports,1951
Belgium,iOS,Entertainment,183
Georgia,Android,Educational,695
Egypt,Android,Game,11279
Vietnam,Android,Word,1981
Canada,Android,Lifestyle,1463
Latvia,Android,Educational,1118
Macedonia,Android,Strategy,324
Egypt,Android,Music & Audio,211
Finland,Android,Music,1883
Suriname,Android,Simulation,2463
Luxembourg,Android,Racing,807
Israel,iOS,Health & Fitness,694
Costa Rica,iOS,Games,431
Uzbekistan,iOS,Games,2179
Liberia,Android,Action,953
Ireland,Android,Entertainment,309
France,iOS,Food & Drink,1057
India,iOS,Entertainment,69
Nepal,Android,Word,66
Cambodia,Android,Entertainment,80
Latvia,Android,Entertainment,191
Philippines,Android,Books & Reference,644
Netherlands,Android,Books & Reference,235
Brazil,iOS,Health & Fitness,310
Gabon,Android,Sports,209
Azerbaijan,Android,Music,267
Fiji,Android,Casual,352
Republic of Korea,Android,Health & Fitness,62
Afghanistan,Android,Game,72
Greece,iOS,Health & Fitness,139
Poland,Android,Books & Reference,64
Republic of Lithuania,iOS,Health & Fitness,139
Argentina,Android,Business,67
Russia,Android,Action,3584234
China,iOS,Social Networking,64817
Italy,Android,Adventure,129009
Philippines,iOS,Games,176545
Afghanistan,Android,Racing,3536
Argentina,Android,Sports,275081
Republic of Moldova,Android,Arcade,7002
Sweden,Android,Action,113514
India,Android,Role Playing,110218
Belgium,Android,Action,149977
Colombia,Android,Simulation,521721
Venezuela,Android,Puzzle,12300
Iran,Android,Strategy,17747
Slovenia,Android,Puzzle,2432
Iran,Android,Racing,198716
Mauritius,Android,Simulation,22679
Thailand,Android,Education,56221
Israel,Android,Role Playing,3127
United States,Android,Education,192905
Azerbaijan,Android,Adventure,9552
Pakistan,iOS,Games,7713
Réunion,Android,Action,9986
Slovak Republic,Android,Action,69847
Iran,Android,Game,22844
Germany,Android,Entertainment,35424
Chile,Android,Educational,46664
Japan,Android,Educational,41566
Republic of Korea,Android,Entertainment,23800
Iran,Android,Casual,85618
Hashemite Kingdom of Jordan,Android,Puzzle,15354
Hashemite Kingdom of Jordan,Android,Sports,24120
Belarus,iOS,Games,1656
Romania,Android,Music,8070
Poland,Android,Music & Audio,83
Australia,Android,Educational,15657
Dominican Republic,Android,Sports,8073
Mexico,Android,Casino,7070
Iceland,Android,Action,984
Bhutan,Android,Simulation,1856
Switzerland,Android,Educational,5609
Paraguay,Android,Racing,46225
Jamaica,Android,Action,22095
Japan,Android,Comics,5255
Thailand,Android,Adventure,388370
Republic of Korea,iOS,Shopping,1722
Honduras,Android,Racing,32934
Yemen,Android,Simulation,5875
Slovak Republic,Android,Casual,21189
Pakistan,Android,Music & Audio,132
Philippines,Android,Game,26785
Netherlands,Android,Entertainment,4437
Bahamas,Android,Arcade,733
Burkina Faso,Android,Action,1063
Azerbaijan,Android,Game,533
United Arab Emirates,Android,Adventure,8076
United Arab Emirates,Android,Simulation,128566
Sudan,Android,Puzzle,343
Puerto Rico,Android,Racing,1343
Syria,Android,Game,380
Hong Kong,Android,Game,868
Tajikistan,Android,Sports,163
Germany,Android,Tools,1436
French Polynesia,Android,Action,448
Haiti,Android,Casual,508
Indonesia,iOS,Education,1069
Uruguay,Android,Strategy,2431
Montenegro,Android,Arcade,713
Sweden,iOS,Entertainment,601
Honduras,Android,Education,230
Andorra,Android,Simulation,84
Saudi Arabia,iOS,Navigation,1054
Paraguay,Android,Educational,2471
Algeria,iOS,Games,112
Israel,Android,Word,945
Republic of Korea,Android,Shopping,262
Colombia,Android,Video Players & Editors,80
Trinidad and Tobago,Android,Educational,241
United Arab Emirates,Android,Game,177
Pakistan,Android,Tools,157
Zambia,Android,Sports,79
Mauritania,Android,Educational,64
Venezuela,Android,Music & Audio,190
Laos,Android,Education,215
Nepal,Android,Music,192
Belarus,iOS,Health & Fitness,83
Suriname,Android,Arcade,64
Hashemite Kingdom of Jordan,iOS,Health & Fitness,83
Congo,Android,Racing,169
Nepal,Android,Card,74
Philippines,Android,Educational,70560
Japan,iOS,Games,1205929
Poland,Android,Simulation,670173
Mexico,Android,Sports,392300
United Kingdom,Android,Music,40459
Serbia,Android,Action,108750
Vietnam,Android,Educational,194952
Hungary,Android,Sports,26860
Republic of Lithuania,Android,Casual,18924
Taiwan,iOS,Games,107148
Spain,Android,Music,18597
Spain,Android,Casual,173287
Algeria,Android,Arcade,60331
Mexico,Android,Adventure,401698
Cambodia,Android,Simulation,102920
Kyrgyzstan,Android,Casual,15332
Austria,Android,Sports,16572
Latvia,Android,Puzzle,2307
Vietnam,Android,Books & Reference,2383
Malaysia,iOS,Games,77323
France,Android,Music,83961
Germany,Android,Board,17648
Bosnia and Herzegovina,Android,Sports,6570
Austria,Android,Educational,8148
Republic of Korea,Android,Board,15150
United States,Android,Video Players & Editors,8306
Colombia,Android,Board,4061
Mozambique,Android,Action,9428
United States,Android,Photography,1812
New Zealand,Android,Simulation,36705
Iran,Android,Sports,70161
Taiwan,Android,Adventure,53753
United Kingdom,Android,Casino,13658
Palestine,Android,Sports,7314
Bangladesh,Android,Sports,35414
Kuwait,Android,Racing,16560
Israel,Android,Casual,62825
Bangladesh,Android,Arcade,38317
Uruguay,Android,Adventure,18663
Botswana,Android,Simulation,1021
Peru,Android,Entertainment,3761
Georgia,iOS,Games,4819
Bulgaria,Android,Entertainment,448
Kuwait,Android,Role Playing,124
Sweden,Android,Board,292
Singapore,Android,Education,2015
Azerbaijan,Android,Strategy,1850
Belgium,Android,Music,7641
Philippines,Android,Role Playing,64607
Vietnam,Android,Strategy,95909
India,Android,Tools,6249
Oman,Android,Educational,1922
Ukraine,Android,Education,9591
Turkmenistan,Android,Sports,269
Philippines,iOS,Education,3399
Colombia,Android,Game,7094
Spain,Android,Word,3684
Mauritius,Android,Adventure,1051
Taiwan,Android,Game,4054
Saudi Arabia,Android,Role Playing,7087
Portugal,Android,Entertainment,891
Guam,Android,Simulation,329
Hong Kong,Android,Music,565
Iraq,Android,Education,3433
Tanzania,Android,Casual,2686
Cambodia,Android,Card,1399
Panama,Android,Racing,46082
Estonia,Android,Casual,4806
Portugal,Android,Card,787
Albania,Android,Sports,8897
Argentina,Android,Art & Design,700
Nigeria,Android,Word,1678
Netherlands,Android,Game,3148
Chile,Android,Tools,1501
Kyrgyzstan,Android,Music,576
Philippines,iOS,Health & Fitness,611
Serbia,Android,Card,69
Republic of Moldova,Android,Entertainment,540
Dominican Republic,Android,Entertainment,83
Philippines,iOS,Photo & Video,66
Japan,iOS,Business,286
Libya,Android,Puzzle,617
Sweden,Android,Card,185
Mauritius,Android,Puzzle,1214
Saint Vincent and the Grenadines,Android,Simulation,643
Bhutan,Android,Racing,686
Kenya,iOS,Games,40
New Caledonia,Android,Adventure,99
Myanmar [Burma],Android,Casino,854
Japan,Android,Beauty,133
Qatar,Android,Board,262
Turkey,Android,Personalization,324
Puerto Rico,Android,Role Playing,67
Switzerland,Android,Finance,381
Austria,Android,Trivia,244
Republic of Korea,Android,Finance,1581
Senegal,Android,Board,66
Benin,Android,Sports,67
Saudi Arabia,Android,Trivia,460
New Caledonia,Android,Racing,178
Afghanistan,iOS,Games,79
Denmark,Android,Card,144
New Caledonia,Android,Arcade,90
Mexico,Android,Personalization,113
Vietnam,Android,Comics,61
Russia,iOS,Games,730647
Colombia,Android,Sports,173367
Cambodia,Android,Sports,25493
Argentina,Android,Books & Reference,1356
Colombia,Android,Role Playing,19821
Costa Rica,Android,Arcade,17128
Belgium,Android,Racing,81721
Republic of Korea,Android,Puzzle,632779
Brazil,iOS,Games,239306
India,Android,Action,4639278
Colombia,Android,Arcade,139679
Nepal,Android,Casual,18138
Malaysia,Android,Trivia,2600
Australia,Android,Puzzle,49070
Italy,Android,Puzzle,243266
Poland,Android,Adventure,124342
Vietnam,Android,Arcade,448252
Honduras,Android,Simulation,64178
Syria,Android,Puzzle,4913
Portugal,Android,Action,111511
Czech Republic,Android,Racing,75074
Vietnam,Android,Casual,619907
Romania,Android,Arcade,94126
Libya,Android,Simulation,22645
Azerbaijan,Android,Simulation,170070
Ivory Coast,Android,Puzzle,2263
Vietnam,Android,Puzzle,304016
Netherlands,Android,Strategy,13618
Brazil,Android,Music,398442
Thailand,Android,Music,96406
Jamaica,Android,Racing,9723
Mongolia,Android,Simulation,16534
Germany,Android,Music,63535
Australia,Android,Education,2434
Ecuador,Android,Racing,86796
Argentina,Android,Role Playing,67953
Colombia,Android,Strategy,19376
Dominican Republic,Android,Puzzle,7846
Israel,Android,Strategy,6087
Albania,Android,Educational,1392
Turkmenistan,Android,Arcade,201
Estonia,Android,Arcade,1594
South Africa,Android,Adventure,12563
Bosnia and Herzegovina,Android,Arcade,5833
Bosnia and Herzegovina,Android,Casual,14588
Sweden,Android,Role Playing,3666
Brazil,Android,Tools,33419
Palestine,Android,Action,52531
Mexico,Android,Education,26338
Turkey,Android,Puzzle,312846
Australia,Android,Casino,68136
Ukraine,Android,Racing,372317
Taiwan,Android,Role Playing,86096
Vietnam,Android,Sports,156074
Belgium,Android,Sports,33238
Republic of Korea,Android,Racing,158177
Bahrain,Android,Puzzle,1177
Australia,Android,Strategy,12463
Germany,Android,Books & Reference,1153
Oman,Android,Simulation,39844
Argentina,Android,Entertainment,27070
Lebanon,Android,Card,391
Sweden,Android,Strategy,5488
Ukraine,Android,Entertainment,86862
Afghanistan,Android,Action,11536
Estonia,Android,Simulation,16951
Greece,Android,Role Playing,4063
Croatia,Android,Casual,16277
Republic of Lithuania,Android,Sports,2749
United States,iOS,Sports,4185
Russia,Android,Personalization,488
Greece,iOS,Games,1323
France,Android,Game,30482
Bosnia and Herzegovina,Android,Educational,2138
Armenia,Android,Arcade,2839
Tunisia,Android,Adventure,9095
Republic of Korea,Android,Tools,2947
Slovenia,Android,Sports,2448
Turkey,iOS,Music,930
Fiji,Android,Arcade,451
Paraguay,Android,Adventure,8281
Hashemite Kingdom of Jordan,Android,Education,317
Taiwan,Android,Sports,16549
Norway,Android,Sports,4753
Bahrain,Android,Arcade,1675
Hungary,Android,Strategy,5127
Republic of Korea,Android,Books & Reference,2109
Germany,Android,Lifestyle,1445
United States,iOS,Books,217
Tanzania,Android,Educational,515
Bolivia,Android,Card,63
Armenia,Android,Educational,781
Slovak Republic,Android,Strategy,1030
Cambodia,Android,Strategy,2650
Republic of Korea,Android,Art & Design,199
Sudan,Android,Strategy,138
Switzerland,Android,Board,346
France,Android,News & Magazines,1421
Indonesia,Android,Art & Design,1233
United States,Android,Business,937
Brazil,iOS,Entertainment,2376
Bangladesh,iOS,Games,227
Guinea,Android,Board,64
Luxembourg,Android,Educational,71
Italy,Android,Books & Reference,524
Bangladesh,Android,Role Playing,1660
United Arab Emirates,Android,Education,470
Paraguay,Android,Game,297
Honduras,Android,Music,188
Oman,iOS,Health & Fitness,471
United States,Android,Social,434
Nepal,Android,Entertainment,106
Estonia,Android,Entertainment,239
United Arab Emirates,iOS,Entertainment,201
Colombia,Android,Music & Audio,294
Tunisia,Android,Music,268
Turkey,Android,Art & Design,271
Romania,Android,Weather,141
Brazil,Android,Productivity,397
Japan,iOS,News,161
Gabon,Android,Racing,209
Trinidad and Tobago,Android,Role Playing,66
Nepal,Android,Music & Audio,61
Somalia,Android,Puzzle,66
Philippines,Android,Lifestyle,140
Iran,Android,Action,399021
Japan,Android,Strategy,19280
Oman,Android,Action,22209
Hashemite Kingdom of Jordan,Android,Game,873
Thailand,Android,Sports,382544
United Arab Emirates,Android,Racing,53790
Belgium,Android,Adventure,27767
Russia,Android,Racing,1551701
Somalia,Android,Simulation,9341
France,iOS,Games,473792
India,Android,Puzzle,900351
Egypt,Android,Racing,337456
Bahrain,Android,Educational,1092
Venezuela,Android,Racing,46236
Republic of Lithuania,Android,Racing,17683
Canada,Android,Sports,413718
Iraq,Android,Sports,152800
China,Android,Tools,53015
Laos,Android,Action,69563
Mexico,Android,Role Playing,88890
Kenya,Android,Racing,29435
Uruguay,Android,Racing,56984
Algeria,Android,Adventure,38870
Portugal,Android,Role Playing,5398
Panama,Android,Action,97193
Uzbekistan,Android,Action,18850
Peru,Android,Music,13987
Mexico,Android,Strategy,78648
Costa Rica,Android,Sports,15212
Pakistan,Android,Board,40633
Panama,Android,Sports,18787
Chile,Android,Music & Audio,378
Guatemala,Android,Sports,22583
Ivory Coast,Android,Arcade,3890
Brazil,Android,Health & Fitness,995
Austria,Android,Arcade,22459
Qatar,iOS,Games,568
Slovenia,Android,Action,18331
Bangladesh,Android,Game,1416
China,Android,Arcade,2506799
Czech Republic,Android,Educational,7961
Sweden,Android,Puzzle,36556
Poland,Android,Arcade,150082
Germany,Android,Casino,14631
Germany,Android,Word,17135
Spain,Android,Role Playing,29882
Tunisia,Android,Board,17444
Netherlands,Android,Sports,34016
Austria,Android,Role Playing,3998
Sudan,Android,Action,16553
Mauritius,Android,Casual,4555
Hashemite Kingdom of Jordan,Android,Adventure,14921
East Timor,Android,Simulation,851
Niger,Android,Action,1783
Puerto Rico,Android,Arcade,773
Mauritius,Android,Arcade,1718
India,Android,Video Players & Editors,2085
Switzerland,Android,Puzzle,24607
Slovak Republic,Android,Music,613
Thailand,Android,Books & Reference,3769
Turkey,Android,Photography,1615
Nicaragua,Android,Music,154
Portugal,Android,Trivia,1281
Myanmar [Burma],Android,Racing,2279
United Arab Emirates,iOS,Education,1369
Morocco,Android,Education,350
Ukraine,Android,Books & Reference,582
Singapore,Android,Parenting,438
Kazakhstan,Android,Board,872
Guadeloupe,Android,Sports,136
Kazakhstan,Android,Casino,156
Trinidad and Tobago,Android,Adventure,598
Bosnia and Herzegovina,Android,Music,99
Thailand,iOS,Entertainment,393
Benin,Android,Puzzle,209
Colombia,Android,Photography,618
United States,Android,House & Home,68
Indonesia,Android,Media & Video,184
Curaçao,Android,Racing,262
Denmark,Android,Trivia,426
Brazil,Android,Beauty,220
Hong Kong,Android,Education,434
Israel,Android,Education,657
Belize,Android,Sports,66
Brazil,Android,Communication,729
Ireland,Android,Game,294
Belgium,Android,Books & Reference,78
Hungary,Android,Word,130
Senegal,iOS,Games,39
Venezuela,Android,Casino,326
Macao,iOS,Games,154
Mali,Android,Sports,71
Hashemite Kingdom of Jordan,Android,Action,133335
Indonesia,Android,Card,111725
Philippines,Android,Trivia,7481
Ireland,Android,Simulation,42086
Japan,Android,Casual,186080
Turkey,Android,Casual,582018
Czech Republic,Android,Sports,19422
Thailand,Android,Entertainment,29202
Malaysia,Android,Casual,145166
Palestine,Android,Simulation,77876
France,Android,Video Players & Editors,257
Sweden,Android,Casual,45029
Australia,iOS,Education,10994
Republic of Korea,Android,Action,489613
Paraguay,Android,Casual,17459
South Africa,Android,Sports,29740
Kuwait,iOS,Games,5703
Malaysia,Android,Educational,58228
Netherlands,Android,Casual,80254
Canada,Android,Puzzle,474052
Germany,Android,Education,15895
Czech Republic,Android,Casino,968
South Africa,Android,Racing,70501
Brazil,Android,Word,27052
Malaysia,Android,Board,6299
Kazakhstan,Android,Casual,136749
Lebanon,Android,Action,142227
Ireland,Android,Racing,13199
Mozambique,Android,Game,217
Portugal,Android,Educational,9164
United Kingdom,Android,Educational,114960
Norway,Android,Simulation,39322
Belarus,Android,Racing,69156
Belarus,Android,Game,1330
Switzerland,Android,Game,808
Laos,Android,Racing,17509
Cambodia,Android,Game,340
South Africa,Android,Casino,3505
Russia,Android,Tools,4481
Ghana,Android,Sports,4667
United States,iOS,Health & Fitness,33118
Malaysia,iOS,Entertainment,69
Bangladesh,Android,Adventure,25469
Bulgaria,Android,Adventure,11738
Canada,Android,Books & Reference,2861
Albania,Android,Casual,9019
Israel,Android,Simulation,170165
Cambodia,Android,Racing,50079
Chile,Android,Sports,107544
Hungary,Android,Music,3031
Israel,Android,Adventure,19764
United Kingdom,iOS,Entertainment,18377
Nicaragua,Android,Adventure,3783
United Arab Emirates,Android,Arcade,15658
United States,iOS,Photo & Video,3665
Mauritius,Android,Action,16566
China,Android,Card,14438
Israel,iOS,Games,5053
Mexico,Android,Books & Reference,1147
New Zealand,Android,Casino,12196
Spain,Android,Casino,1911
Bolivia,Android,Adventure,6302
Australia,Android,Card,2315
New Zealand,Android,Puzzle,8049
Saudi Arabia,Android,Card,1537
Réunion,Android,Educational,311
El Salvador,Android,Puzzle,4871
Panama,Android,Productivity,2522
Philippines,Android,Casino,1641
Rwanda,Android,Action,677
Ecuador,iOS,Games,1581
Poland,Android,Photography,950
Paraguay,Android,Casino,322
Belarus,Android,Trivia,2468
Réunion,Android,Puzzle,549
Bosnia and Herzegovina,Android,Puzzle,3699
Malta,Android,Adventure,490
Puerto Rico,Android,Casual,1796
Latvia,Android,Sports,820
Russia,iOS,Photo & Video,168
Cyprus,Android,Sports,742
Portugal,Android,Board,246
Zambia,Android,Action,1624
China,iOS,Music,1831
Guinea,Android,Sports,129
United Kingdom,Android,Photography,1341
Hong Kong,Android,Trivia,366
Vietnam,Android,Music & Audio,308
Ivory Coast,Android,Game,214
Finland,Android,Education,71
Brunei,iOS,Games,263
Namibia,Android,Sports,225
Cameroon,Android,Puzzle,570
Algeria,Android,Entertainment,727
United Kingdom,iOS,Photo & Video,73
Slovak Republic,Android,Casino,298
Pakistan,Android,Trivia,66
Togo,Android,Casual,74
Tunisia,Android,Role Playing,62
Puerto Rico,Android,Music,127
Netherlands,iOS,Business,161
Ivory Coast,Android,Strategy,72
Somalia,Android,Adventure,97
Hong Kong,Android,Card,89
Tunisia,Android,Game,71
Spain,Android,Educational,49079
Indonesia,Android,Action,4308648
France,Android,Educational,118862
Argentina,Android,Trivia,28134
Greece,Android,Simulation,118937
Thailand,Android,Arcade,467685
Republic of Korea,iOS,Games,133337
Cambodia,Android,Educational,4397
Russia,Android,Trivia,84494
Ukraine,Android,Strategy,59650
United States,Android,Arcade,1255484
Canada,Android,Word,59275
Mexico,Android,Entertainment,50153
Uruguay,Android,Casual,36412
Ukraine,Android,Educational,102686
Serbia,Android,Puzzle,17115
United States,Android,Tools,10502
Guatemala,Android,Simulation,103716
Thailand,Android,Card,23140
Republic of Moldova,Android,Action,49525
Philippines,Android,Music,21329
Spain,Android,Music & Audio,164
Singapore,Android,Word,12554
Japan,iOS,Entertainment,22949
Belgium,Android,Game,2135
New Zealand,Android,Racing,12011
Philippines,Android,Entertainment,10457
United Kingdom,Android,Books & Reference,2897
Réunion,Android,Simulation,13484
Jamaica,Android,Simulation,16679
Russia,Android,Art & Design,364
United States,iOS,Lifestyle,495
Austria,Android,Strategy,6560
Mauritius,Android,Racing,8966
Zimbabwe,Android,Simulation,2125
Serbia,Android,Casino,61
Qatar,Android,Arcade,1702
Spain,Android,Sports,148562
Cyprus,Android,Simulation,6439
South Africa,Android,Puzzle,29691
Turkey,Android,Word,8683
Switzerland,Android,Racing,26385
Malaysia,Android,Casino,28398
Tunisia,Android,Sports,23998
Saint Vincent and the Grenadines,Android,Racing,230
Iraq,iOS,Entertainment,284
India,Android,Parenting,7176
Morocco,iOS,Games,1174
Saudi Arabia,Android,Game,4487
Iceland,Android,Casual,446
Australia,Android,Board,1864
Palestine,Android,Arcade,9458
Israel,Android,Educational,14866
Ecuador,Android,Role Playing,3316
Guyana,Android,Action,2554
Belgium,Android,Education,1132
Japan,iOS,Books,318
Japan,Android,Lifestyle,1523
Chile,Android,Card,4179
Peru,Android,Education,2641
Kenya,Android,Educational,697
Brazil,Android,Video Players & Editors,2692
United States,Android,Finance,204
Ireland,Android,Music,834
Canada,iOS,Utilities,726
Japan,Android,Video Players & Editors,553
Republic of Korea,iOS,Lifestyle,1200
Libya,iOS,Games,69
Estonia,Android,Music,245
Thailand,Android,Tools,1761
Australia,iOS,Photo & Video,292
Dominican Republic,Android,Strategy,510
Nepal,iOS,Games,625
Greece,Android,Casino,654
Ecuador,iOS,Utilities,213
Russia,Android,Media & Video,504
United States,Android,Libraries & Demo,100
Malta,Android,Casual,1296
Bulgaria,iOS,Games,679
Denmark,Android,Word,282
Myanmar [Burma],Android,Game,152
Liberia,Android,Sports,67
Canada,iOS,Sports,72
Bhutan,Android,Sports,183
Azerbaijan,Android,Board,388
São Tomé and Príncipe,Android,Action,68
Laos,Android,Trivia,150
Palestine,Android,Music,187
Angola,Android,Sports,69
Japan,Android,Books & Reference,126
Belgium,Android,Art & Design,78
Ukraine,iOS,Games,41337
United States,Android,Educational,563921
Taiwan,Android,Action,342129
Georgia,Android,Simulation,94235
Malaysia,Android,Puzzle,94932
Poland,Android,Puzzle,184292
Kazakhstan,Android,Entertainment,19717
Germany,Android,Casual,434648
Romania,Android,Racing,248803
Thailand,Android,Trivia,28134
Ukraine,Android,Casual,287305
Russia,Android,Music,88788
Canada,Android,Board,776340
Libya,Android,Racing,12302
Finland,Android,Action,48152
France,Android,Racing,597115
Egypt,Android,Word,626
Indonesia,Android,Puzzle,503983
Kazakhstan,Android,Music,9454
Singapore,Android,Puzzle,108566
Georgia,Android,Casual,8655
New Zealand,Android,Arcade,9154
Bangladesh,Android,Racing,123046
Spain,iOS,Games,39762
Guatemala,Android,Puzzle,11941
Sri Lanka,Android,Racing,59777
Norway,Android,Role Playing,991
Republic of Korea,Android,Adventure,167163
Switzerland,iOS,Games,23508
China,Android,Board,11950
Uruguay,Android,Simulation,102273
Poland,Android,Board,2707
Venezuela,Android,Arcade,23085
Tunisia,Android,Arcade,15975
Netherlands,Android,Educational,28774
Algeria,Android,Casual,69081
Kuwait,Android,Puzzle,3130
Turkey,Android,Music & Audio,7753
Nicaragua,Android,Arcade,5405
Finland,Android,Sports,9128
Jamaica,Android,Adventure,741
New Zealand,Android,Educational,1991
Saudi Arabia,Android,Adventure,63528
Saudi Arabia,Android,Casual,131251
Nigeria,Android,Puzzle,4542
Lebanon,Android,Arcade,27054
Brazil,Android,Card,127262
Hong Kong,Android,Racing,8899
Thailand,Android,Music & Audio,1270
Dominican Republic,Android,Educational,4820
United Kingdom,Android,Entertainment,37270
Romania,iOS,Games,6365
Peru,Android,Trivia,2147
Bangladesh,Android,Educational,6609
Norway,iOS,Education,244
Sweden,Android,Education,1284
Senegal,Android,Adventure,392
Iraq,Android,Tools,69
Cambodia,Android,Adventure,9091
Mexico,iOS,Education,3123
Ecuador,Android,Game,904
Laos,Android,Strategy,1080
Denmark,iOS,Entertainment,1082
Mexico,iOS,Health & Fitness,721
Finland,Android,Role Playing,2255
Georgia,Android,Racing,51230
France,Android,Trivia,4031
Jamaica,Android,Casual,3441
Nicaragua,Android,Productivity,440
Portugal,Android,Game,1169
Cambodia,iOS,Entertainment,69
Nepal,Android,Puzzle,4084
Denmark,iOS,Health & Fitness,804
Ukraine,Android,Card,1291
Iraq,iOS,Health & Fitness,860
Latvia,Android,Strategy,292
Republic of Lithuania,Android,Puzzle,5980
Taiwan,Android,Word,63
Vietnam,Android,Art & Design,1439
Philippines,Android,Music & Audio,1003
Barbados,Android,Simulation,2116
Honduras,iOS,Games,151
Guatemala,iOS,Games,606
Vietnam,iOS,Health & Fitness,1526
Algeria,Android,Word,67
Benin,Android,Arcade,255
United States,Android,Travel & Local,806
Germany,iOS,Medical,229
El Salvador,Android,Strategy,140
Myanmar [Burma],Android,Puzzle,67
Bolivia,Android,Board,220
Morocco,Android,Card,355
Brazil,Android,Utility,444
Croatia,Android,Entertainment,151
Indonesia,Android,Shopping,71
India,Android,Finance,73
Bahamas,Android,Role Playing,66
Egypt,Android,Photography,192
Namibia,Android,Puzzle,81
Greece,Android,Trivia,181
France,Android,Health & Fitness,87
Canada,Android,Comics,73
Guatemala,Android,Casual,32424
Peru,Android,Casual,119529
Germany,Android,Action,1003534
Republic of Korea,Android,Educational,47230
Indonesia,Android,Arcade,598488
Bangladesh,Android,Simulation,331466
China,Android,Sports,210997
Hungary,Android,Simulation,274184
China,Android,Racing,1516193
Belgium,iOS,Games,26006
Ukraine,Android,Adventure,170172
Singapore,Android,Board,160183
Morocco,Android,Racing,175888
United States,Android,Casual,1541644
Singapore,Android,Action,766555
Algeria,Android,Sports,58725
Czech Republic,Android,Game,1325
Thailand,Android,Educational,172832
Sri Lanka,Android,Action,95975
Hungary,Android,Education,686
Belgium,Android,Strategy,9379
Singapore,Android,Educational,66066
Kuwait,Android,Simulation,38990
Greece,Android,Racing,53474
Oman,Android,Racing,21270
Argentina,Android,Educational,101003
Australia,Android,Arcade,35404
Canada,Android,Tools,2175
Canada,Android,Card,35595
Bulgaria,Android,Sports,13490
United Kingdom,Android,Board,15152
Estonia,Android,Racing,3241
Greece,Android,Strategy,6460
Ireland,Android,Casual,13220
El Salvador,Android,Arcade,9395
Papua New Guinea,Android,Action,431
Guadeloupe,Android,Racing,913
India,Android,Personalization,2861
Lebanon,Android,Strategy,6939
Dominican Republic,Android,Role Playing,1495
Serbia,iOS,Health & Fitness,444
Sri Lanka,Android,Sports,5961
Guinea,Android,Simulation,1745
Libya,Android,Casual,3975
Kyrgyzstan,Android,Entertainment,1448
Philippines,Android,Casual,248949
Italy,Android,Education,11862
Morocco,Android,Casual,53911
Serbia,iOS,Games,943
Kuwait,Android,Action,26719
Netherlands,Android,Education,4543
Russia,Android,Word,10109
Armenia,Android,Casual,5034
Canada,Android,Parenting,3927
Bolivia,Android,Casual,14953
United States,Android,Trivia,119218
Myanmar [Burma],Android,Casual,1055
Sweden,Android,Music,3489
France,Android,Music & Audio,892
Netherlands,Android,Casino,2664
Belgium,Android,Entertainment,2608
Switzerland,Android,Adventure,9822
Guatemala,Android,Game,675
Malaysia,Android,Word,13541
Zambia,Android,Simulation,1732
Austria,Android,Card,249
Nicaragua,Android,Role Playing,215
Kuwait,iOS,Health & Fitness,1498
Argentina,Android,Tools,3125
Venezuela,Android,Word,354
Oman,Android,Puzzle,1602
Belgium,Android,Card,1983
Cape Verde,Android,Simulation,635
Denmark,Android,Entertainment,169
Afghanistan,Android,Board,2034
Benin,Android,Racing,623
Benin,Android,Casual,414
Tanzania,Android,Puzzle,585
Singapore,Android,Tools,174
Afghanistan,Android,Arcade,246
Guadeloupe,Android,Adventure,89
Bolivia,Android,Role Playing,713
Uzbekistan,Android,Sports,1718
Morocco,Android,Entertainment,283
Republic of Moldova,Android,Strategy,394
Republic of Korea,Android,Dating,91
Sri Lanka,Android,Game,61
Lesotho,Android,Action,144
Malta,Android,Sports,507
Guatemala,Android,Education,222
Mauritania,Android,Puzzle,62
Switzerland,Android,Trivia,134
Peru,Android,Music & Audio,74
Spain,Android,Tools,299
Malta,Android,Role Playing,82
Jamaica,Android,Role Playing,69
Costa Rica,Android,Entertainment,183
Laos,Android,Board,118
Malaysia,iOS,Photo & Video,101
Cyprus,Android,Strategy,67
Hungary,iOS,Health & Fitness,306
Laos,Android,Card,232
Argentina,Android,Media & Video,100
Honduras,Android,Strategy,64
Japan,Android,Social,76
Brazil,Android,Racing,3241662
Botswana,Android,Action,721
Romania,Android,Action,404364
Indonesia,Android,Game,89626
Russia,Android,Game,75584
United States,Android,Racing,1491884
Thailand,Android,Racing,706504
Turkey,iOS,Utilities,1489
Pakistan,Android,Arcade,112403
Macedonia,Android,Action,26509
Argentina,Android,Arcade,291991
Ecuador,Android,Action,209307
Spain,Android,Simulation,473603
Taiwan,Android,Educational,22103
Poland,Android,Card,6588
United Kingdom,Android,Card,13922
Denmark,Android,Simulation,53961
Greece,Android,Arcade,19258
Israel,Android,Sports,39558
United Kingdom,iOS,Education,16237
Netherlands,Android,Racing,101034
Germany,Android,Educational,121487
Argentina,Android,Productivity,797
France,iOS,Education,5360
French Guiana,Android,Action,1676
Cambodia,Android,Casual,24863
Nigeria,Android,Adventure,2864
Honduras,Android,Adventure,5023
Serbia,Android,Adventure,12933
Serbia,Android,Educational,6124
Ghana,Android,Action,18793
Georgia,Android,Arcade,12021
Bahamas,Android,Action,5766
Sri Lanka,Android,Casual,14657
Congo,Android,Action,395
Bulgaria,Android,Role Playing,2388
Guatemala,Android,Role Playing,1170
Palestine,Android,Casual,10341
France,Android,Action,1053301
India,Android,Trivia,71541
Guatemala,Android,Arcade,23220
Panama,Android,Casual,22027
Mexico,Android,Casual,625462
Ukraine,Android,Board,3972
Mali,Android,Simulation,2069
Ecuador,Android,Casual,55150
Japan,iOS,Medical,2680
Australia,Android,Simulation,147640
Denmark,Android,Strategy,2262
Slovak Republic,Android,Puzzle,11320
Bolivia,Android,Puzzle,7373
Montenegro,Android,Action,6782
India,Android,Art & Design,1402
Lebanon,Android,Music,767
Taiwan,Android,Entertainment,2818
Hungary,iOS,Games,5692
Colombia,Android,Trivia,5795
Lebanon,Android,Board,68
Sri Lanka,Android,Strategy,551
Ireland,Android,Word,1212
Haiti,Android,Sports,536
Norway,Android,Word,446
Malaysia,iOS,Health & Fitness,498
Oman,Android,Arcade,3928
Jamaica,Android,Sports,3143
Bahrain,Android,Strategy,152
Bhutan,Android,Casual,240
Republic of Korea,Android,Music & Audio,614
Cambodia,Android,Puzzle,4110
Namibia,Android,Racing,2204
Malta,Android,Simulation,4828
Burkina Faso,Android,Sports,141
Ukraine,Android,Tools,573
Netherlands,iOS,Entertainment,1463
Nicaragua,Android,Puzzle,1518
Malaysia,Android,Music & Audio,594
Russia,iOS,Lifestyle,153
Albania,Android,Board,553
Botswana,Android,Casual,70
Estonia,Android,Role Playing,209
Mauritius,Android,Educational,709
Bulgaria,Android,Game,276
Sri Lanka,Android,Educational,679
Ethiopia,Android,Racing,70
Qatar,iOS,Health & Fitness,278
Slovenia,Android,Role Playing,129
Bolivia,Android,Game,223
Norway,Android,Board,88
Colombia,iOS,Health & Fitness,169
Finland,Android,Casino,67
Peru,Android,Word,110
Puerto Rico,iOS,Games,27
Cuba,Android,Action,87
Puerto Rico,Android,Educational,227
Germany,Android,Media & Video,84
Finland,Android,Food & Drink,76
Paraguay,Android,Entertainment,133
Guadeloupe,Android,Educational,77
Netherlands,Android,Arcade,54382
United Kingdom,iOS,Games,1301065
Germany,Android,Simulation,1298676
Canada,Android,Casual,751989
Singapore,Android,Simulation,1245490
Republic of Korea,Android,Simulation,520410
Ireland,Android,Adventure,7261
Algeria,Android,Racing,196137
Uzbekistan,Android,Racing,6888
Nepal,Android,Adventure,11445
Czech Republic,Android,Puzzle,46535
Argentina,Android,Racing,549497
Canada,Android,Adventure,517168
United Kingdom,Android,Education,21238
China,Android,Strategy,364528
Ecuador,Android,Simulation,160728
Spain,Android,Puzzle,178658
Pakistan,Android,Puzzle,48820
Netherlands,iOS,Games,112647
Poland,Android,Strategy,35601
Bulgaria,Android,Racing,60969
Indonesia,Android,Photography,1983
Cameroon,Android,Simulation,7869
Paraguay,Android,Action,98106
Iran,iOS,Games,17487
Vietnam,iOS,Sports,1160
Egypt,Android,Education,3743
United Arab Emirates,Android,Strategy,4253
Romania,Android,Card,7872
Algeria,Android,Music,2560
Japan,Android,Entertainment,27656
Ghana,Android,Puzzle,2147
Japan,Android,Card,14083
South Africa,iOS,Health & Fitness,139
Singapore,Android,Music,4321
Georgia,Android,Puzzle,2486
Ecuador,Android,Educational,9773
Bahrain,Android,Sports,1079
Romania,Android,Trivia,845
India,Android,Photography,1569
Austria,Android,Education,209
Hungary,Android,Educational,7905
Martinique,Android,Arcade,120
Azerbaijan,Android,Action,138137
France,Android,Sports,261813
France,Android,Arcade,257339
Kyrgyzstan,Android,Action,74809
Belarus,Android,Action,207896
Poland,Android,Entertainment,12468
United Kingdom,iOS,Sports,2108
India,iOS,Utilities,1154
Bolivia,Android,Strategy,1744
Mexico,Android,Trivia,17078
Serbia,Android,Game,419
Republic of Korea,Android,Trivia,65551
Vietnam,Android,Game,26007
United States,iOS,Utilities,18289
Ivory Coast,Android,Casual,9389
Denmark,Android,Music,523
Peru,Android,Simulation,212040
Senegal,Android,Racing,9833
Belize,Android,Action,1447
Zimbabwe,Android,Racing,387
Venezuela,Android,Game,2058
Vietnam,iOS,Education,10950
Latvia,Android,Casual,6802
Greece,Android,Educational,5891
Hungary,Android,Casino,1575
Russia,iOS,Education,6613
Mozambique,Android,Simulation,10517
Portugal,Android,Word,326
Australia,Android,Word,9346
New Zealand,Android,Casual,10206
Netherlands,Android,Adventure,40572
France,Android,Books & Reference,5206
Sri Lanka,Android,Board,63
Czech Republic,Android,Card,2370
United States,iOS,Medical,2828
Yemen,Android,Racing,1806
Colombia,Android,Card,2452
Montenegro,Android,Sports,329
Taiwan,iOS,Entertainment,1851
Iraq,Android,Trivia,729
Tunisia,Android,Strategy,1949
Qatar,Android,Casual,2988
Yemen,Android,Arcade,209
Panama,Android,Educational,4114
Guatemala,Android,Productivity,1742
French Polynesia,Android,Simulation,419
Martinique,Android,Casual,542
Réunion,Android,Role Playing,87
Belgium,Android,Trivia,420
Rwanda,Android,Simulation,1477
Armenia,iOS,Games,655
Zambia,Android,Arcade,77
Netherlands,iOS,Utilities,62
Nigeria,Android,Game,299
United States,Android,Shopping,66
Bangladesh,Android,Lifestyle,61
Mauritania,Android,Adventure,164
Malta,Android,Education,69
Barbados,Android,Casual,266
New Caledonia,Android,Action,721
Chile,iOS,Entertainment,142
Uruguay,Android,Board,255
Nepal,Android,Trivia,71
Montenegro,Android,Adventure,225
Canada,iOS,Photo & Video,143
Guatemala,Android,Entertainment,164
Belize,Android,Casual,69
Bangladesh,Android,Entertainment,266
Iceland,Android,Sports,84
Netherlands,iOS,Sports,84
United Kingdom,iOS,Travel,68
Romania,Android,Casual,180403
United Kingdom,Android,Action,707418
Germany,Android,Game,25390
Iraq,Android,Action,1125935
India,Android,Educational,552342
Austria,Android,Simulation,117526
Tanzania,Android,Sports,8462
Singapore,Android,Casual,188323
Philippines,Android,Action,1382049
Iran,Android,Arcade,104686
Greece,Android,Sports,20773
Saudi Arabia,Android,Action,383949
Singapore,Android,Adventure,121646
Austria,Android,Puzzle,34955
Italy,Android,Educational,76821
Hong Kong,Android,Action,51370
Lebanon,Android,Racing,75849
Taiwan,Android,Simulation,179096
Cambodia,Android,Action,137875
Spain,Android,Adventure,98672
Bulgaria,Android,Strategy,1963
Canada,Android,Entertainment,36824
Italy,Android,Sports,172561
Belarus,Android,Sports,9893
France,Android,Role Playing,93117
Poland,iOS,Games,8582
Philippines,Android,Word,100357
Pakistan,Android,Casual,141783
Latvia,Android,Simulation,26052
Turkey,Android,Board,24851
Guadeloupe,Android,Action,2098
Tanzania,Android,Racing,19591
Suriname,Android,Racing,1165
Republic of Moldova,Android,Casual,11908
Lesotho,Android,Simulation,373
Paraguay,Android,Sports,13713
New Zealand,iOS,Games,10320
Cyprus,Android,Casual,1718
Slovenia,Android,Racing,6720
Saudi Arabia,iOS,Health & Fitness,16967
Republic of Moldova,Android,Role Playing,804
Kenya,Android,Puzzle,572
Ivory Coast,Android,Sports,7716
New Caledonia,Android,Simulation,925
Oman,Android,Sports,2403
Brazil,Android,Personalization,627
French Guiana,Android,Sports,79
Brazil,Android,Business,1225
Panama,Android,Simulation,83406
Vietnam,Android,Racing,520673
Mexico,Android,Arcade,532584
Armenia,Android,Adventure,1242
Cambodia,Android,Arcade,22718
Argentina,Android,Word,5567
Malaysia,Android,Music,12659
India,Android,Card,56323
Turkey,iOS,Health & Fitness,1054
Laos,Android,Simulation,28311
Germany,Android,Card,16432
Panama,Android,Puzzle,7968
Malaysia,Android,Books & Reference,1678
Hong Kong,Android,Arcade,5221
Guyana,Android,Racing,1456
Laos,Android,Adventure,3437
Laos,Android,Music,124
Slovenia,Android,Adventure,1558
Ecuador,Android,Photography,86
Luxembourg,Android,Sports,269
Portugal,Android,Music,2495
Mongolia,Android,Casual,1569
Montenegro,Android,Educational,78
Spain,iOS,Entertainment,1349
Turkmenistan,Android,Racing,1777
Czech Republic,Android,Music,3162
Sri Lanka,iOS,Games,193
Bahamas,Android,Educational,198
Brazil,Android,Media & Video,1631
Kazakhstan,Android,Tools,338
Cyprus,Android,Puzzle,630
Sweden,iOS,Education,3277
Hong Kong,iOS,Education,247
Uzbekistan,Android,Educational,231
Angola,Android,Racing,277
Austria,iOS,Health & Fitness,610
Fiji,Android,Simulation,3453
Burkina Faso,Android,Simulation,579
Serbia,Android,Board,69
Guatemala,Android,Trivia,73
Finland,Android,Entertainment,896
Russia,Android,Video Players & Editors,526
Hashemite Kingdom of Jordan,Android,Music,1019
Armenia,Android,Strategy,308
Venezuela,Android,Trivia,589
Ghana,Android,Board,321
Fiji,Android,Racing,2231
Republic of Korea,iOS,Education,440
Barbados,Android,Racing,791
Israel,Android,Trivia,193
Italy,iOS,Health & Fitness,1637
Indonesia,iOS,Reference,141
Uzbekistan,Android,Entertainment,170
Niger,Android,Board,133
Ivory Coast,Android,Role Playing,80
Japan,Android,Personalization,387
Martinique,Android,Sports,190
Republic of Lithuania,Android,Entertainment,98
Ukraine,Android,Video Players & Editors,78
Venezuela,Android,Books & Reference,80
South Africa,Android,Trivia,96
Singapore,iOS,Photo & Video,106
Japan,iOS,Travel,280
Latvia,Android,Role Playing,137
Armenia,Android,Entertainment,69
Iran,Android,Books & Reference,67
Malaysia,Android,Lifestyle,77
United Kingdom,Android,Medical,100
Vietnam,Android,Card,177190
Thailand,Android,Simulation,1496459
Egypt,Android,Simulation,688157
Czech Republic,Android,Adventure,32336
Brazil,Android,Role Playing,388866
Argentina,Android,Simulation,1002262
China,Android,Adventure,1019536
Czech Republic,Android,Casual,59413
Romania,Android,Puzzle,77482
Brazil,Android,Sports,1492668
Republic of Korea,Android,Role Playing,141446
United Kingdom,Android,Strategy,61102
Turkey,Android,Strategy,116014
Azerbaijan,iOS,Games,1455
Germany,Android,Music & Audio,2245
Brazil,Android,Arcade,1425891
Libya,Android,Action,22359
Trinidad and Tobago,Android,Action,13683
Bolivia,Android,Action,67513
Nicaragua,Android,Educational,1094
Republic of Korea,Android,Casino,33743
Myanmar [Burma],Android,Action,48447
Brazil,Android,Education,101650
Slovenia,Android,Simulation,25906
Republic of Moldova,Android,Sports,2257
Singapore,Android,Game,9805
Finland,Android,Simulation,63077
Slovak Republic,iOS,Games,382
Finland,Android,Strategy,1897
Ecuador,Android,Puzzle,22108
Taiwan,Android,Education,8173
Croatia,Android,Sports,6274
Hong Kong,Android,Casual,12887
China,iOS,Finance,8531
Puerto Rico,Android,Puzzle,2029
Chile,Android,Video Players & Editors,191
Switzerland,Android,Casual,19662
Iran,Android,Educational,17814
China,Android,Trivia,2760
United States,Android,Media & Video,2371
Singapore,Android,Role Playing,17254
Greece,Android,Casual,40519
Malaysia,Android,Card,3050
Argentina,Android,Casino,30295
Denmark,Android,Arcade,7569
Iran,iOS,Health & Fitness,2499
Ghana,Android,Simulation,9511
Trinidad and Tobago,Android,Sports,614
Ukraine,iOS,Health & Fitness,166
Indonesia,Android,Tools,2552
Hong Kong,Android,Strategy,5732
Netherlands,Android,Card,3120
Mauritania,Android,Arcade,194
Taiwan,Android,Trivia,4695
United States,Android,Medical,1520
Italy,Android,Lifestyle,66
Romania,iOS,Health & Fitness,749
Republic of Lithuania,Android,Role Playing,1640
Colombia,Android,Entertainment,4914
Iraq,Android,Game,11140
El Salvador,Android,Sports,8887
Lebanon,iOS,Games,2153
Iraq,Android,Books & Reference,915
New Zealand,Android,Card,134
Myanmar [Burma],Android,Finance,465
Chile,iOS,Health & Fitness,222
Romania,Android,Tools,188
Hungary,Android,Board,1553
Italy,Android,Casino,6242
Slovenia,Android,Strategy,427
El Salvador,Android,Productivity,984
Libya,Android,Educational,540
Republic of Moldova,Android,Educational,1461
Australia,Android,Music,3408
Malta,Android,Educational,331
Burkina Faso,Android,Casual,262
Croatia,Android,Strategy,1213
Nepal,Android,Strategy,1253
NULL,Android,Simulation,341
Germany,Android,Medical,80
Benin,Android,Action,2303
South Africa,Android,Game,1210
Turkey,Android,Utility,261
Kyrgyzstan,Android,Game,230
Bahamas,Android,Racing,2038
Switzerland,iOS,Finance,658
Canada,Android,Video Players & Editors,420
Congo,Android,Simulation,466
Switzerland,Android,Casino,187
Oman,Android,Adventure,1539
Cambodia,iOS,Utilities,268
India,iOS,Health & Fitness,749
Tanzania,Android,Music & Audio,135
Palestine,Android,Role Playing,69
New Zealand,Android,Trivia,64
Panama,Android,Trivia,130
Angola,Android,Casual,193
Chile,Android,Books & Reference,264
Jamaica,Android,Puzzle,254
United Kingdom,Android,Health & Fitness,87
Austria,Android,Action,84178
United States,Android,Sports,830171
Costa Rica,Android,Action,89062
Thailand,Android,Casual,654854
India,Android,Adventure,790502
United States,Android,Strategy,381622
Ukraine,Android,Puzzle,190171
Italy,Android,Racing,290563
United States,Android,Puzzle,1608986
Czech Republic,Android,Action,155949
Denmark,Android,Casual,11107
Peru,Android,Racing,113494
South Africa,Android,Simulation,134842
Japan,Android,Racing,58312
Macedonia,Android,Simulation,41787
United States,Android,Casino,424120
Bulgaria,Android,Puzzle,12409
Albania,Android,Puzzle,2565
Costa Rica,Android,Casual,29452
Kenya,Android,Simulation,58443
Czech Republic,Android,Entertainment,1871
Ukraine,Android,Trivia,18944
Denmark,Android,Racing,16688
Saudi Arabia,Android,Board,22161
Sweden,Android,Adventure,17546
Qatar,Android,Action,14816
Czech Republic,Android,Strategy,6831
Pakistan,Android,Card,800
Laos,Android,Casual,8177
Peru,Android,Board,1840
Finland,Android,Educational,3428
China,Android,Lifestyle,651
Uruguay,Android,Trivia,795
Mexico,Android,Video Players & Editors,574
Pakistan,Android,Strategy,4284
India,Android,Entertainment,47135
China,iOS,Lifestyle,3130
Costa Rica,Android,Educational,4835
Australia,Android,Entertainment,5428
Guadeloupe,Android,Arcade,121
Cameroon,Android,Arcade,2075
Mexico,Android,Game,36009
Colombia,Android,Casual,179212
Slovak Republic,Android,Racing,32253
United Kingdom,Android,Word,70891
Bosnia and Herzegovina,Android,Action,49723
Hungary,Android,Arcade,36913
Bolivia,Android,Sports,6611
Hungary,Android,Card,5425
Laos,Android,Arcade,9499
Italy,Android,Game,14964
Kenya,Android,Casual,6581
Norway,Android,Entertainment,257
Azerbaijan,Android,Sports,11976
Lebanon,Android,Game,647
China,Android,Photography,1324
Kazakhstan,Android,Word,717
Sudan,Android,Educational,739
Australia,iOS,Entertainment,1819
Brazil,Android,Art & Design,8171
Vietnam,Android,Weather,651
Suriname,Android,Sports,154
Iceland,Android,Simulation,1186
Guadeloupe,Android,Simulation,2891
South Africa,Android,Board,492
Albania,Android,Simulation,89956
Brazil,Android,Medical,3291
Kyrgyzstan,Android,Sports,4149
Iceland,Android,Arcade,263
Hashemite Kingdom of Jordan,iOS,Games,1775
Vietnam,Android,Trivia,1063
Togo,Android,Simulation,87
United States,Android,Personalization,1240
Liberia,Android,Simulation,602
Hashemite Kingdom of Jordan,Android,Role Playing,885
Uruguay,Android,Game,627
Hong Kong,iOS,Photo & Video,2183
Guadeloupe,Android,Casual,172
Bhutan,Android,Arcade,170
El Salvador,Android,Educational,1718
Russia,iOS,Music,1302
Benin,Android,Simulation,1167
Kyrgyzstan,Android,Role Playing,766
Cyprus,iOS,Games,61
India,Android,Medical,484
Mexico,Android,Lifestyle,743
Ethiopia,Android,Action,326
Lebanon,Android,Entertainment,223
Gabon,Android,Arcade,76
Dominican Republic,Android,Music,902
Taiwan,iOS,Education,609
Austria,Android,Word,237
Philippines,Android,Art & Design,62
Panama,iOS,Productivity,125
Turkey,Android,Books & Reference,776
Papua New Guinea,Android,Simulation,82
Hong Kong,iOS,Entertainment,146
Cambodia,Android,Casino,191
Russia,Android,Lifestyle,301
Slovak Republic,Android,Trivia,185
Turkey,Android,Medical,72
Indonesia,Android,Video Players & Editors,456
Republic of Korea,iOS,Health & Fitness,84
Kenya,Android,Strategy,73
Syria,iOS,Health & Fitness,111
United States,Android,Adventure,883831
Japan,Android,Adventure,174793
Vietnam,Android,Simulation,1184832
Germany,Android,Adventure,222625
France,Android,Word,44645
Kazakhstan,Android,Action,426342
Dominican Republic,Android,Simulation,115657
Turkey,Android,Action,2105393
Turkey,Android,Arcade,328430
Mexico,iOS,Games,142373
Indonesia,Android,Sports,850880
Mexico,Android,Action,2433619
Spain,Android,Action,424470
India,Android,Arcade,925314
Czech Republic,Android,Arcade,33297
Venezuela,Android,Simulation,81269
Brazil,Android,Strategy,221803
Philippines,Android,Board,2858
Colombia,Android,Music,29412
Canada,Android,Casino,38385
Spain,Android,Strategy,36129
Netherlands,Android,Board,1577
Israel,Android,Music,5787
Algeria,Android,Educational,27784
Israel,Android,Arcade,38027
Bolivia,Android,Educational,1868
Denmark,Android,Puzzle,14465
United Arab Emirates,Android,Sports,9395
Uruguay,Android,Educational,5398
Peru,Android,Role Playing,12392
Hong Kong,Android,Puzzle,17972
United Arab Emirates,iOS,Health & Fitness,4829
Bolivia,Android,Racing,31178
Uruguay,Android,Puzzle,19370
Estonia,iOS,Games,68
Romania,Android,Casino,4433
Nigeria,Android,Board,969
Albania,Android,Adventure,3081
Pakistan,Android,Music,2212
Cyprus,Android,Action,5717
Cambodia,Android,Role Playing,953
Cameroon,Android,Racing,4328
Sudan,Android,Board,10605
Taiwan,Android,Puzzle,234825
Slovak Republic,Android,Role Playing,1103
Germany,iOS,Health & Fitness,3610
Montenegro,Android,Simulation,8371
Hungary,Android,Photography,61
Spain,iOS,Health & Fitness,638
Paraguay,Android,Puzzle,9705
Namibia,Android,Casual,507
China,Android,News,642
Syria,Android,Educational,2364
United States,Android,Health & Fitness,2508
Malta,Android,Puzzle,357
Belarus,Android,Music,1557
Venezuela,Android,Entertainment,1256
Gabon,Android,Casual,141
Senegal,Android,Sports,8742
Cameroon,Android,Action,10722
Sri Lanka,Android,Puzzle,4212
Honduras,Android,Educational,1170
Italy,Android,Trivia,1887
Republic of Korea,Android,Word,312
Bahamas,Android,Casual,1186
Vietnam,Android,Lifestyle,734
Afghanistan,Android,Sports,519
Macao,Android,Action,222
Algeria,Android,Game,3693
Ukraine,iOS,Entertainment,306
Trinidad and Tobago,Android,Puzzle,861
Montenegro,Android,Racing,2701
Kyrgyzstan,Android,Strategy,1862
Uruguay,Android,Entertainment,625
Botswana,Android,Sports,67
Italy,iOS,Finance,74
Republic of Lithuania,iOS,Games,774
Ghana,Android,Adventure,502
NULL,Android,Action,514
Sudan,Android,Sports,1030
Luxembourg,Android,Puzzle,829
Ukraine,Android,Casino,424
Morocco,Android,Board,385
Gibraltar,Android,Simulation,64
China,iOS,Reference,122
Qatar,Android,Adventure,854
Germany,iOS,Utilities,156
Suriname,Android,Casual,134
Luxembourg,Android,Casual,491
Mexico,iOS,Lifestyle,187
France,Android,Media & Video,214
Norway,Android,Music,911
Singapore,Android,Art & Design,64
Peru,Android,Books & Reference,209
United States,iOS,Social Networking,68
Bhutan,Android,Adventure,96
Mauritius,Android,Music,61
Philippines,Android,Card,17816
Thailand,Android,Game,38814
Turkey,Android,Simulation,2443356
Philippines,Android,Arcade,206804
France,Android,Simulation,1308986
Pakistan,Android,Simulation,939965
India,Android,Racing,3231174
Canada,Android,Music & Audio,14305
United Arab Emirates,Android,Puzzle,13461
Italy,iOS,Games,124573
Argentina,Android,Card,12881
Mozambique,Android,Adventure,292
China,Android,Education,376029
Costa Rica,Android,Simulation,92850
Egypt,Android,Casual,195690
Iraq,Android,Puzzle,70353
Serbia,Android,Casual,37938
Algeria,Android,Strategy,16541
Switzerland,Android,Simulation,77853
Serbia,Android,Simulation,137885
Republic of Korea,Android,Game,12409
Brazil,Android,Casual,2289921
Nicaragua,Android,Racing,17149
Romania,Android,Educational,35988
Senegal,Android,Action,19142
Uruguay,Android,Arcade,21495
Vietnam,Android,Music,120590
United Arab Emirates,Android,Educational,7240
Portugal,Android,Racing,56334
Yemen,Android,Action,7236
Sweden,Android,Game,755
Saint Vincent and the Grenadines,Android,Action,400
Ecuador,Android,Sports,48014
Latvia,Android,Arcade,2876
Honduras,Android,Puzzle,2590
Finland,Android,Word,1430
Nigeria,Android,Strategy,630
Australia,Android,Casual,48953
Czech Republic,Android,Simulation,208595
Italy,Android,Casual,248623
Saudi Arabia,Android,Puzzle,82604
Spain,Android,Racing,210781
Japan,Android,Casino,15730
Hungary,Android,Casual,64137
Belarus,Android,Adventure,34197
El Salvador,Android,Racing,33207
Belarus,Android,Card,209
United States,Android,Card,200769
Ukraine,Android,Role Playing,47553
Argentina,Android,Board,12971
Republic of Korea,Android,Card,17532
Brazil,Android,Photography,24354
Vietnam,Android,Education,33980
South Africa,Android,Educational,5473
Kyrgyzstan,Android,Arcade,7598
Egypt,Android,Music,9893
Syria,Android,Arcade,7971
Mauritania,Android,Action,4331
Switzerland,Android,Education,485
Japan,iOS,Utilities,1398
Costa Rica,Android,Role Playing,1799
Nepal,Android,Role Playing,705
Turkey,Android,Trivia,9982
Singapore,Android,Strategy,26227
Austria,Android,Music,3083
Brazil,Android,Lifestyle,9441
Kazakhstan,Android,Card,3630
Tanzania,Android,Arcade,3430
Cyprus,Android,Racing,2139
Hong Kong,Android,Casino,841
Pakistan,Android,Video Players & Editors,1406
Philippines,iOS,Entertainment,1077
Namibia,Android,Action,2482
Réunion,Android,Arcade,1057
Venezuela,Android,Educational,7621
Cyprus,Android,Educational,203
Egypt,Android,Trivia,62
Niger,Android,Racing,516
Serbia,Android,Role Playing,1665
India,Android,Media & Video,131
Togo,Android,Action,454
Brazil,Android,Weather,899
Brunei,Android,Casual,80
Latvia,Android,Music,236
Fiji,Android,Sports,262
Ivory Coast,Android,Board,752
Republic of Korea,Android,Business,846
Russia,Android,Music & Audio,2236
United Kingdom,Android,Art & Design,326
Philippines,Android,Tools,96
Ecuador,Android,Education,78
Spain,Android,Books & Reference,282
Hungary,Android,Books & Reference,1073
United States,iOS,Shopping,289
Pakistan,Android,Parenting,166
United Kingdom,Android,Media & Video,392
Bolivia,Android,Education,103
Tajikistan,Android,Puzzle,63
Colombia,Android,Medical,100
India,Android,Health & Fitness,233
Trinidad and Tobago,Android,Game,64
Macao,Android,Simulation,78
China,Android,Music & Audio,101
United States,iOS,Games,5869236
China,Android,Educational,1828681
China,Android,Media & Video,95510
United Kingdom,Android,Role Playing,47299
Venezuela,Android,Action,101499
Iraq,Android,Educational,92185
Russia,Android,Puzzle,971317
China,Android,Puzzle,540877
United Kingdom,Android,Game,27240
United States,Android,Game,222195
Bahamas,Android,Simulation,5284
India,Android,Education,35033
Kazakhstan,Android,Arcade,107649
Malaysia,Android,Action,687218
Canada,Android,Racing,1992930
Poland,Android,Educational,55000
Russia,Android,Role Playing,275173
India,Android,Music & Audio,29080
Portugal,Android,Adventure,19854
Turkey,Android,Education,51102
El Salvador,Android,Adventure,6012
Philippines,Android,Adventure,136525
Poland,Android,Role Playing,45227
Cambodia,iOS,Games,21356
China,iOS,Entertainment,44447
Syria,Android,Music,131
France,Android,Education,10531
Taiwan,iOS,Photo & Video,12899
Croatia,Android,Racing,17706
Croatia,Android,Adventure,5031
Iraq,Android,Role Playing,18124
Belarus,Android,Role Playing,7737
United States,Android,Books & Reference,20652
Trinidad and Tobago,Android,Arcade,1687
Thailand,Android,Media & Video,147
United Kingdom,iOS,Health & Fitness,8828
Bahrain,Android,Action,10115
Ukraine,Android,Arcade,199517
Egypt,Android,Arcade,193216
Morocco,Android,Educational,21279
Martinique,Android,Simulation,3529
United States,Android,Role Playing,339903
Uruguay,Android,Action,132916
Saudi Arabia,Android,Strategy,26133
Turkey,Android,Adventure,320762
Israel,Android,Racing,76915
Kazakhstan,Android,Role Playing,15467
Singapore,Android,Music & Audio,2150
Netherlands,Android,Music,9766
Kuwait,Android,Strategy,1148
Singapore,Android,Casino,5030
Sudan,Android,Arcade,1282
El Salvador,Android,Casual,15421
Azerbaijan,Android,Entertainment,434
Zimbabwe,Android,Action,1048
Morocco,Android,Strategy,5914
Bangladesh,Android,Puzzle,11814
China,Android,Health & Fitness,28006
Iran,Android,Education,87
Iraq,Android,Strategy,42026
Czech Republic,Android,Education,235
Ghana,iOS,Games,29
Uruguay,Android,Music,2667
Iran,Android,Music,2947
Fiji,Android,Adventure,66
Hashemite Kingdom of Jordan,Android,Casino,197
Greece,Android,Board,98
Cyprus,Android,Arcade,922
Madagascar,Android,Action,1378
Libya,Android,Strategy,194
Libya,Android,Sports,2175
Palestine,iOS,Games,211
India,Android,Lifestyle,4882
Serbia,Android,Strategy,2565
Croatia,Android,Role Playing,634
Bangladesh,Android,Strategy,2407
Burundi,Android,Action,143
Japan,Android,Trivia,329
Laos,Android,Casino,557
Bhutan,Android,Action,2124
Albania,Android,Game,64
United Kingdom,Android,Video Players & Editors,395
Romania,Android,Word,79
Algeria,iOS,Utilities,170
Israel,Android,Board,155
Tanzania,Android,Adventure,453
Singapore,Android,Books & Reference,332
Mozambique,Android,Puzzle,151
Réunion,Android,Strategy,73
French Guiana,Android,Adventure,84
Romania,Android,Books & Reference,62
United States,Android,Communication,140
Mauritania,Android,Board,99
Vietnam,Android,Personalization,76
Slovenia,iOS,Games,81
Chile,Android,Action,507346
Brazil,Android,Simulation,5735454
United States,Android,Simulation,3551876
India,Android,Casual,1346434
Turkey,Android,Tools,9118
China,Android,Role Playing,468172
India,Android,Sports,798663
Thailand,Android,Action,2910380
Indonesia,Android,Educational,320435
Poland,Android,Action,453567
Nepal,Android,Action,97106
Dominican Republic,Android,Action,149482
Pakistan,Android,Racing,416850
Brazil,Android,Puzzle,1418836
Poland,Android,Word,14967
Egypt,Android,Action,527167
Belgium,Android,Role Playing,6819
Nigeria,Android,Sports,18285
Vietnam,Android,Adventure,296921
France,Android,Strategy,89024
Romania,Android,Adventure,67801
Syria,Android,Strategy,4759
Sweden,Android,Educational,13729
Réunion,Android,Racing,6356
Saudi Arabia,Android,Educational,68937
Peru,Android,Sports,68343
Tajikistan,Android,Simulation,7753
United States,iOS,Music,1308
Italy,iOS,Entertainment,2335
Palestine,Android,Puzzle,2703
Belgium,Android,Educational,16317
Italy,Android,Strategy,42373
Brazil,Android,Comics,2156
Zimbabwe,Android,Sports,240
Norway,iOS,Games,14301
United Arab Emirates,Android,Casual,19855
Colombia,iOS,Games,7891
Colombia,Android,Education,4816
Brazil,Android,Music & Audio,45883
Barbados,Android,Action,1338
Sweden,Android,Word,2261
Israel,Android,Entertainment,1193
Saudi Arabia,iOS,Entertainment,7199
Pakistan,Android,Sports,93757
Austria,Android,Adventure,14535
Argentina,Android,Photography,1087
Bolivia,Android,Arcade,9742
Serbia,Android,Arcade,23493
Netherlands,iOS,Education,9335
Japan,Android,Game,17661
Bolivia,Android,Simulation,45286
Switzerland,iOS,Education,841
Bangladesh,Android,Music,251
Germany,iOS,Education,3119
Costa Rica,Android,Productivity,1878
Sweden,Android,Entertainment,1626
Yemen,Android,Casual,90
Indonesia,iOS,Health & Fitness,527
Taiwan,Android,Card,1000
Paraguay,Android,Trivia,444
Norway,Android,Adventure,5164
Suriname,Android,Action,2391
Vietnam,Android,Tools,4061
Slovak Republic,Android,Educational,2126
Thailand,iOS,Health & Fitness,2054
Chile,Android,Medical,67
Taiwan,Android,Board,2757
Croatia,Android,Trivia,62
Peru,Android,Tools,865
Ghana,Android,Educational,488
Bahamas,Android,Puzzle,170
Niger,Android,Arcade,381
Netherlands,iOS,Health & Fitness,2164
Uganda,Android,Arcade,390
United States,Android,Productivity,1216
Zambia,Android,Racing,667
New Zealand,Android,Game,254
Belize,Android,Simulation,781
Bahrain,iOS,Health & Fitness,554
El Salvador,Android,Education,63
Yemen,Android,Sports,68
China,iOS,Books,325
Denmark,Android,Board,70
Bahamas,Android,Sports,464
Vietnam,Android,Video Players & Editors,62
Macao,iOS,Photo & Video,102
Myanmar [Burma],Android,Adventure,462
Ivory Coast,Android,Educational,313
Ireland,iOS,Health & Fitness,111
Nigeria,Android,Music,72
Italy,iOS,Lifestyle,99
Albania,Android,Role Playing,161
Saudi Arabia,Android,Lifestyle,163
Germany,Android,Sports,189325
Russia,Android,Educational,522544
China,Android,Game,5188656
Belarus,Android,Simulation,205874
Saudi Arabia,iOS,Games,115676
Poland,Android,Racing,228883
Malaysia,Android,Simulation,386525
Canada,Android,Strategy,108599
Mexico,Android,Racing,1016558
Vietnam,Android,Action,2112256
Colombia,Android,Action,688893
United Kingdom,Android,Puzzle,316311
China,Android,Casual,2119486
Singapore,Android,Racing,523455
Turkey,Android,Educational,233960
Indonesia,Android,Adventure,553282
Ukraine,Android,Action,847632
Chile,Android,Puzzle,142642
Mexico,Android,Card,16616
Nigeria,Android,Educational,2097
Philippines,Android,Puzzle,108716
Ireland,Android,Puzzle,11810
Lebanon,Android,Puzzle,15431
Mongolia,Android,Educational,159
Paraguay,Android,Simulation,60975
Iran,Android,Entertainment,1155
Pakistan,Android,Education,24046
Turkey,Android,Role Playing,81306
Mongolia,Android,Adventure,1084
Romania,Android,Strategy,17103
Chile,Android,Adventure,118826
Pakistan,Android,Educational,26649
Bulgaria,Android,Music,965
Brunei,Android,Racing,268
Egypt,iOS,Games,10505
United Arab Emirates,Android,Word,694
Tajikistan,Android,Action,7835
Switzerland,Android,Arcade,12270
Republic of Korea,Android,Arcade,389244
Ecuador,Android,Arcade,37575
Chile,Android,Role Playing,33249
Albania,iOS,Games,15071
United States,Android,Word,375494
Norway,Android,Action,26598
France,iOS,Entertainment,14327
Costa Rica,Android,Racing,43148
Canada,iOS,Education,15350
Republic of Korea,iOS,Social Networking,1535
Spain,Android,Card,8771
New Zealand,Android,Role Playing,1046
Poland,Android,Game,8460
Macedonia,Android,Educational,975
Slovak Republic,Android,Arcade,10885
France,Android,Photography,2157
Italy,Android,Entertainment,17704
Spain,Android,Game,6916
Iraq,Android,Board,1308
Kazakhstan,Android,Books & Reference,136
Panama,Android,Music,1538
Puerto Rico,Android,Sports,359
Dominican Republic,Android,Education,314
Chile,Android,Photography,277
United States,Android,Lifestyle,9041
Hashemite Kingdom of Jordan,Android,Racing,100167
Mexico,Android,Photography,5133
Hashemite Kingdom of Jordan,Android,Educational,16386
Denmark,Android,Adventure,4432
Morocco,Android,Game,1357
Republic of Korea,iOS,Entertainment,1145
Singapore,Android,Entertainment,2931
Haiti,Android,Puzzle,153
Chile,Android,Word,2702
Turkey,iOS,Education,3029
New Zealand,Android,Sports,3525
Qatar,Android,Puzzle,593
Netherlands,Android,Tools,116
United States,Android,News & Magazines,244
Angola,Android,Simulation,1722
Slovenia,Android,Casino,109
Oman,Android,Board,235
Bosnia and Herzegovina,Android,Role Playing,152
Mexico,Android,Productivity,442
Congo,Android,Casual,70
Somalia,Android,Arcade,138
Argentina,iOS,Health & Fitness,83
Republic of Korea,Android,Media & Video,381
Albania,Android,Music,325
Egypt,iOS,Health & Fitness,554
Algeria,Android,Education,254
Colombia,iOS,Education,88
Mexico,Android,Media & Video,140
Australia,Android,Tools,132
Finland,Android,Trivia,83
Norway,iOS,Health & Fitness,473
Lebanon,iOS,Health & Fitness,83
Nicaragua,Android,Strategy,86
Poland,iOS,Health & Fitness,305
Canada,Android,Health & Fitness,69
Somalia,Android,Casual,176
United Arab Emirates,Android,Trivia,61
Indonesia,Android,Simulation,3879532
Chile,Android,Arcade,142259
Hungary,Android,Game,1115
Bangladesh,Android,Action,194764
Indonesia,Android,Casual,1122991
Japan,Android,Action,274047
Mexico,Android,Puzzle,460902
Taiwan,Android,Racing,63922
Iran,Android,Simulation,291995
Romania,Android,Sports,59848
Netherlands,Android,Action,170024
France,Android,Adventure,241956
Portugal,Android,Casual,49996
Egypt,Android,Sports,180147
Canada,Android,Music,35786
Taiwan,Android,Music,4071
Hungary,Android,Action,210351
Guatemala,Android,Action,123906
Philippines,Android,Strategy,70154
Honduras,Android,Arcade,8233
Ecuador,Android,Adventure,25923
Romania,Android,Entertainment,5039
Republic of Moldova,Android,Racing,26337
Malaysia,Android,Sports,121985
Singapore,Android,Arcade,132220
South Africa,Android,Action,110412
Syria,Android,Action,64601
Tunisia,Android,Action,105048
Brunei,Android,Action,3416
Iraq,Android,Entertainment,7785
Egypt,Android,Card,3021
Guatemala,Android,Racing,70061
Poland,Android,Education,3150
Kazakhstan,Android,Sports,45952
Peru,Android,Educational,25040
Tunisia,Android,Puzzle,9418
Fiji,Android,Action,4073
Serbia,Android,Music,980
Venezuela,Android,Adventure,16049
Japan,iOS,Finance,7059
Nepal,Android,Arcade,15162
Sri Lanka,Android,Adventure,5867
Australia,Android,Adventure,28262
Russia,Android,Photography,3593
Taiwan,Android,Photography,704
Australia,iOS,Health & Fitness,1415
Madagascar,Android,Simulation,1219
Switzerland,Android,Sports,10650
United Kingdom,Android,Adventure,186701
Portugal,Android,Sports,31804
Switzerland,Android,Action,52479
Ireland,Android,Sports,6553
Turkey,Android,Game,32508
Belgium,Android,Arcade,45825
Palestine,Android,Racing,39195
Tunisia,Android,Racing,64715
Indonesia,Android,Role Playing,167018
Slovak Republic,Android,Adventure,9310
Honduras,Android,Role Playing,234
Ethiopia,Android,Simulation,1181
Dominican Republic,Android,Casual,36581
Malaysia,Android,Role Playing,29619
Kenya,Android,Adventure,2047
United States,Android,Art & Design,4275
Somalia,Android,Racing,3321
Afghanistan,Android,Simulation,13805
Pakistan,Android,Books & Reference,37510
Romania,Android,Game,4905
Norway,Android,Arcade,7090
Serbia,Android,Sports,18867
South Africa,Android,Word,5548
United Arab Emirates,Android,Music,532
Ireland,Android,Arcade,9416
Argentina,Android,Game,18932
Argentina,Android,Music & Audio,2696
Argentina,iOS,Games,8582
Mexico,Android,Board,8577
Argentina,Android,Music,64507
Indonesia,Android,Music,97958
Romania,Android,Education,1962
Greece,Android,Card,1526
Venezuela,Android,Casual,32752
Pakistan,Android,Game,4302
Costa Rica,Android,Strategy,1161
Hashemite Kingdom of Jordan,Android,Card,281
Tajikistan,Android,Casual,591
Argentina,iOS,Education,301
New Zealand,Android,Word,1609
Morocco,Android,Music,3441
Gabon,Android,Simulation,1206
Cuba,Android,Simulation,82
Mongolia,Android,Sports,318
Macedonia,Android,Puzzle,1639
Switzerland,Android,Role Playing,2143
Norway,Android,Strategy,1519
Uruguay,iOS,Games,162
Botswana,Android,Racing,431
Republic of Lithuania,Android,Strategy,1407
Peru,Android,Game,1896
El Salvador,Android,Role Playing,391
Mongolia,iOS,Health & Fitness,83
Tanzania,Android,Education,360
Peru,Android,Casino,2174
Switzerland,Android,Word,678
Spain,iOS,Education,854
Paraguay,Android,Strategy,1060
Macedonia,iOS,Games,73
Israel,Android,Card,250
Sweden,Android,Casino,182
Bahrain,iOS,Games,191
Germany,Android,Video Players & Editors,570
French Polynesia,Android,Racing,71
Finland,Android,Game,471
Cambodia,Android,Board,266
Philippines,iOS,Utilities,236
Mexico,Android,Medical,560
Sudan,Android,Adventure,602
Saudi Arabia,Android,Books & Reference,404
Bolivia,Android,Entertainment,155
Canada,iOS,Finance,255
Republic of Korea,Android,Video Players & Editors,416
Israel,Android,Casino,145
French Guiana,Android,Arcade,71
Liberia,Android,Racing,159
Australia,Android,Photography,62
Bulgaria,Android,Casino,170
Iceland,Android,Word,61
Mauritius,Android,Board,76
Laos,Android,Game,92
Cambodia,Android,Music,194
Nicaragua,Android,Action,43385
Argentina,Android,Action,1281076
Canada,iOS,Games,423741
Japan,Android,Simulation,244229
Indonesia,Android,Board,947349
Portugal,Android,Simulation,132927
Australia,Android,Sports,21565
United Kingdom,Android,Lifestyle,690
Tunisia,Android,Casual,20312
Japan,iOS,Lifestyle,7630
Iraq,Android,Racing,573441
Japan,Android,Sports,69160
Netherlands,Android,Puzzle,94579
Japan,Android,Role Playing,271212
Iraq,iOS,Games,37239
Chile,Android,Racing,205189
Nigeria,iOS,Games,225
Portugal,Android,Strategy,5796
United Kingdom,Android,Casual,331089
Tanzania,Android,Simulation,39527
France,Android,Card,33187
Turkey,Android,Weather,1656
Nepal,Android,Sports,12089
Iran,Android,Role Playing,4571
Chile,Android,Entertainment,11557
New Zealand,Android,Action,33363
Italy,iOS,Utilities,193
Chile,Android,Board,3246
Colombia,Android,Educational,35689
Chile,Android,Education,3819
Romania,Android,Role Playing,18213
Uzbekistan,Android,Arcade,5887
Saudi Arabia,Android,Education,7501
Vietnam,iOS,Entertainment,2030
Georgia,Android,Strategy,441
Thailand,iOS,Education,1449
Uzbekistan,Android,Simulation,15987
Azerbaijan,Android,Educational,5285
Malta,Android,Racing,1519
Taiwan,Android,Casino,123006
Ghana,Android,Casual,5112
Republic of Lithuania,Android,Action,52054
Mexico,Android,Educational,172822
Nicaragua,Android,Simulation,37612
Georgia,Android,Adventure,6051
Panama,Android,Arcade,12667
Lebanon,Android,Casual,29754
Belgium,Android,Casual,61969
Bulgaria,Android,Casual,40452
Republic of Korea,Android,Social,719
Trinidad and Tobago,Android,Simulation,12351
Bahrain,Android,Racing,6057
Chile,iOS,Games,13230
Brazil,Android,Books & Reference,19566
Bangladesh,Android,Card,1225
Nigeria,Android,Simulation,31202
Argentina,Android,Education,7535
Switzerland,Android,Strategy,2830
Nepal,Android,Board,2731
Canada,Android,Photography,306
Czech Republic,iOS,Games,3675
Uzbekistan,Android,Puzzle,2216
Azerbaijan,Android,Casual,22213
Bosnia and Herzegovina,Android,Simulation,75482
Macedonia,Android,Casual,6945
United Kingdom,Android,Tools,2275
Guam,Android,Action,677
Venezuela,Android,Music,3140
Morocco,Android,Adventure,33624
Singapore,Android,Card,2556
Ireland,Android,Educational,3908
Croatia,Android,Educational,1376
Curaçao,Android,Action,579
Uruguay,Android,Casino,1424
Réunion,Android,Music,104
Russia,iOS,Utilities,350
Syria,Android,Role Playing,261
Republic of Korea,iOS,Photo & Video,525
Laos,Android,Puzzle,1210
Ecuador,Android,Strategy,2346
Mexico,Android,Word,4410
Spain,Android,Photography,612
Germany,Android,Art & Design,509
Bahrain,Android,Adventure,589
Hungary,Android,Entertainment,1489
Cameroon,Android,Adventure,298
Venezuela,Android,Education,343
United States,iOS,Productivity,568
Laos,Android,Educational,991
Niger,Android,Simulation,1430
Estonia,Android,Puzzle,1154
Japan,Android,Tools,63
Vietnam,Android,Photography,382
Réunion,Android,Sports,1049
Philippines,Android,Photography,74
Dominican Republic,Android,Game,370
Madagascar,Android,Racing,454
France,Android,Lifestyle,936
Serbia,Android,Entertainment,220
Laos,Android,Role Playing,393
Norway,Android,Casino,87
Tajikistan,Android,Arcade,148
Bangladesh,Android,Casino,246
Italy,Android,Art & Design,236
Peru,Android,Photography,67
Niger,Android,Casual,461
New Caledonia,Android,Casual,83
Denmark,Android,Game,140
Norway,Android,Education,175
Russia,Android,Board,32196
Saudi Arabia,Android,Simulation,484312
Australia,iOS,Games,322137
Belarus,Android,Arcade,41610
Russia,Android,Entertainment,292465
China,iOS,Education,329035
Réunion,Android,Adventure,803
India,Android,Simulation,7412522
Egypt,Android,Adventure,79324
United States,Android,Entertainment,227865
Kuwait,Android,Educational,2939
Israel,Android,Puzzle,51151
Germany,Android,Strategy,97248
Greece,Android,Adventure,14319
Algeria,Android,Simulation,356143
China,Android,Music,12635
Ukraine,Android,Game,13198
Macedonia,Android,Racing,13605
Poland,Android,Casino,1875
Ivory Coast,Android,Adventure,1987
Mexico,Android,Music,101722
Netherlands,Android,Role Playing,9501
Uzbekistan,Android,Casual,3135
Denmark,Android,Educational,2538
Turkey,Android,Music,53580
Kyrgyzstan,Android,Adventure,4855
Turkey,Android,Entertainment,21812
Paraguay,Android,Arcade,11629
Republic of Korea,Android,Music,15054
Republic of Korea,iOS,Finance,851
Kenya,Android,Board,73
Malaysia,Android,Education,19329
Republic of Lithuania,Android,Adventure,7550
Czech Republic,Android,Role Playing,7106
Guyana,Android,Simulation,1925
Colombia,Android,Word,658
Greece,Android,Word,1177
Nepal,Android,Educational,2878
South Africa,Android,Role Playing,1568
India,iOS,Sports,1163
Hungary,Android,Trivia,199
New Zealand,iOS,Education,125
Tanzania,Android,Action,30028
Croatia,Android,Action,42964
Armenia,Android,Action,34808
Canada,iOS,Entertainment,12930
Guatemala,Android,Educational,3734
Russia,Android,Card,13271
Croatia,Android,Arcade,8645
Palestine,Android,Educational,3620
Republic of Lithuania,Android,Arcade,7240
Pakistan,Android,Role Playing,4348
Finland,Android,Adventure,8611
Russia,iOS,Entertainment,13856
French Guiana,Android,Simulation,1728
Malta,Android,Arcade,602
Kenya,Android,Arcade,8629
Ghana,Android,Arcade,4683
Republic of Korea,Android,Lifestyle,1932
Haiti,Android,Arcade,252
Brazil,iOS,Education,2390
Pakistan,Android,Word,1725
Réunion,Android,Casual,2722
Syria,Android,Casual,8874
Guatemala,Android,Strategy,1114
Mozambique,Android,Casual,1316
Slovak Republic,Android,Entertainment,61
Denmark,Android,Role Playing,792
Cyprus,Android,Adventure,460
Mongolia,Android,Arcade,1981
Mozambique,Android,Sports,947
Indonesia,Android,Parenting,244
Mongolia,Android,Puzzle,511
Mozambique,Android,Arcade,825
Czech Republic,Android,Trivia,1014
Costa Rica,iOS,Productivity,155
Switzerland,iOS,Health & Fitness,278
Armenia,Android,Trivia,186
South Africa,Android,Education,1008
United Arab Emirates,Android,Entertainment,142
Martinique,Android,Adventure,130
Argentina,Android,Video Players & Editors,334
Turkmenistan,Android,Puzzle,207
France,iOS,Books,73
Haiti,Android,Adventure,117
Sri Lanka,Android,Role Playing,138
El Salvador,Android,Game,173
France,Android,Personalization,198
Martinique,iOS,Health & Fitness,83
South Africa,Android,Music & Audio,62
Pakistan,Android,Casino,165
Hong Kong,Android,Entertainment,74
Norway,Android,Game,79
Italy,Android,Health & Fitness,121
Czech Republic,iOS,Sports,74
France,Android,Puzzle,450068
Brazil,Android,Game,139848
Kazakhstan,Android,Adventure,63347
Belarus,Android,Puzzle,38150
Mongolia,Android,Action,23762
Argentina,Android,Puzzle,274192
Martinique,Android,Action,2264
United Kingdom,Android,Simulation,913991
Kenya,Android,Action,45570
Italy,Android,Action,609945
Canada,Android,Game,50691
Georgia,Android,Sports,8257
Chile,Android,Simulation,431682
Ukraine,Android,Simulation,913141
Armenia,Android,Simulation,53430
Kazakhstan,Android,Puzzle,83663
Saudi Arabia,Android,Sports,59618
New Zealand,Android,Strategy,1736
Peru,Android,Puzzle,49943
Indonesia,Android,Word,23090
Finland,Android,Arcade,13810
Iraq,Android,Adventure,135963
Thailand,Android,Casino,40614
Thailand,Android,Puzzle,300950
Russia,Android,Education,64085
Finland,iOS,Games,1234
Vietnam,Android,Board,40550
Republic of Korea,Android,Sports,123456
Nicaragua,Android,Casual,9272
Russia,Android,Books & Reference,5618
Turkey,Android,Casino,821
Italy,Android,Tools,1111
Uganda,Android,Action,4163
Hungary,Android,Adventure,29574
Finland,Android,Racing,21405
Greece,Android,Music,1539
Italy,Android,Music,27271
Congo,Android,Arcade,61
Kuwait,Android,Casual,6787
Latvia,Android,Racing,6082
United Kingdom,Android,Music & Audio,698
Tajikistan,Android,Racing,2843
Indonesia,iOS,Games,140302
Bosnia and Herzegovina,Android,Racing,24739
Egypt,Android,Puzzle,147983
United States,iOS,Education,299427
Uruguay,Android,Sports,23976
Kazakhstan,Android,Racing,189895
Italy,Android,Card,39137
United Arab Emirates,iOS,Games,22292
Sweden,Android,Arcade,26610
Slovak Republic,Android,Simulation,101530
Lebanon,Android,Educational,11666
Egypt,Android,Board,8612
Chile,Android,Trivia,7292
France,Android,Casino,8917
Azerbaijan,Android,Arcade,15238
Turkmenistan,Android,Casual,760
Luxembourg,Android,Simulation,3971
Nigeria,Android,Casual,16073
Mauritius,Android,Sports,2808
Bulgaria,Android,Educational,5412
Slovenia,Android,Arcade,2568
United Kingdom,iOS,Utilities,2808
Egypt,Android,Lifestyle,321
Indonesia,Android,Lifestyle,3189
Dominican Republic,Android,Arcade,21165
Estonia,Android,Action,13983
Ukraine,Android,Word,1277
Australia,Android,Business,100
Italy,Android,Board,3623
Croatia,Android,Music,423
Romania,Android,Board,547
Turkmenistan,Android,Adventure,235
Bangladesh,Android,Parenting,128
Spain,Android,Board,3650
Republic of Moldova,Android,Music,358
United Arab Emirates,Android,Role Playing,727
Turkey,Android,Lifestyle,1635
France,Android,Art & Design,760
Paraguay,Android,Music,1008
Iceland,Android,Racing,250
France,iOS,Health & Fitness,2439
Luxembourg,Android,Adventure,192
Thailand,Android,Art & Design,674
Iran,Android,Photography,364
Iceland,Android,Adventure,145
Kuwait,Android,Board,540
Greece,Android,Entertainment,494
Cape Verde,Android,Action,394
Kuwait,Android,Music,62
Venezuela,Android,Board,1325
Costa Rica,Android,Game,173
Chile,Android,Art & Design,253
El Salvador,Android,Music,305
Qatar,Android,Strategy,303
Uruguay,Android,Card,484
Bangladesh,Android,Music & Audio,133
French Guiana,Android,Casual,254
Montenegro,Android,Puzzle,116
Congo,Android,Sports,78
New Zealand,Android,Board,79
Myanmar [Burma],Android,Board,73
Kuwait,iOS,Entertainment,191
Algeria,Android,Music & Audio,69